﻿제목,말머리,내용,글쓴이,추천수,조회수,날짜,링크
수원조원고등학교 갤러리가 만들어졌습니다.,[일반],"조원고등학교 나무위키: https://namu.wiki/w/조원고등학교

조원고등학교 인스타: https://www.instagram.com/jowon_highschool/

조원고등학교 홈페이지: https://jowon-h.goesw.kr/index.do


조원 조원 조원고 세계로 나가자 얍","조원고등학교 2024.04.19 19:56:19
조회 458 추천 5 댓글 2",추천 5,조회 458,2024.04.19 19:56:19,https://gall.dcinside.com/mgallery/board/view/?id=jowon&no=2&page=1
그립노,[일반],재수중인데 그립노,"06김승담(210.98) 2025.04.02 03:52:48
조회 137 추천 0 댓글 1",추천 0,조회 137,2025.04.02 03:52:48,https://gall.dcinside.com/mgallery/board/view/?id=jowon&no=27&page=1
고슴딩가 볼사람?,[일반],딩가딩가딩~ 예이!,"ghostowl 2025.03.11 15:44:41
조회 151 추천 3 댓글 1",추천 3,조회 151,2025.03.11 15:44:41,https://gall.dcinside.com/mgallery/board/view/?id=jowon&no=26&page=1
조원고 1학년없냐?,[일반],"조원고 신입생 개노잼 확정
목누런 쿨톤들 200명","뽀미(121.136) 2025.03.08 06:30:32
조회 145 추천 0 댓글 4",추천 0,조회 145,2025.03.08 06:30:32,https://gall.dcinside.com/mgallery/board/view/?id=jowon&no=25&page=1
모델 지망생인데 얼평좀,[일반],"ㅇㅇ
- dc official App","조붕이(58.230) 2025.03.03 20:36:24
조회 152 추천 1 댓글 1",추천 1,조회 152,2025.03.03 20:36:24,https://gall.dcinside.com/mgallery/board/view/?id=jowon&no=24&page=1
조원고 출신 미녀,[일반],우흥.,"조붕이(14.33) 2025.02.18 03:57:39
조회 162 추천 1 댓글 0",추천 1,조회 162,2025.02.18 03:57:39,https://gall.dcinside.com/mgallery/board/view/?id=jowon&no=23&page=1
"""어리광 피우지마라""",[일반],세상은 결과다. -노건-,"조붕이(58.230) 2025.02.11 02:34:04
조회 1164 추천 8 댓글 3",추천 8,조회 1164,2025.02.11 02:34:04,https://gall.dcinside.com/mgallery/board/view/?id=jowon&no=22&page=1
노브라 공유합니다,[일반],,"조붕이(58.230) 2025.02.08 03:00:33
조회 215 추천 8 댓글 2",추천 8,조회 215,2025.02.08 03:00:33,https://gall.dcinside.com/mgallery/board/view/?id=jowon&no=20&page=1
반갑노이기야!조원고새싹이긔,[일반],"나 조원고신입생 애기벌(암컷)인데
잘부탁한다이기~~~만나면 인사좀
해줘라","조붕이(211.207) 2025.01.25 16:55:39
조회 118 추천 0 댓글 3",추천 0,조회 118,2025.01.25 16:55:39,https://gall.dcinside.com/mgallery/board/view/?id=jowon&no=18&page=1
수능 2일남음,[일반],6교과 최저러가 간다,"조붕이(211.114) 2024.11.12 15:17:30
조회 111 추천 1 댓글 0",추천 1,조회 111,2024.11.12 15:17:30,https://gall.dcinside.com/mgallery/board/view/?id=jowon&no=15&page=1
수능 2주남음,[일반],슬슬 ㅈ된거같은 고3들 개추ㅋㅋ 일단 나부터,"ㅇㅇ(39.117) 2024.10.29 22:31:39
조회 175 추천 2 댓글 3",추천 2,조회 175,2024.10.29 22:31:39,https://gall.dcinside.com/mgallery/board/view/?id=jowon&no=14&page=1
조원고의 가을,[일반],"전신마비의 계절이네요.

""엥 무슨소리야 전신마비가 아니라 천고마비야"",준혁아

""아뇨 전신마비가 맞습니다""

나는 황급히 들고있던 관동속별곡으로 미진쌤의 머리를 내리쳤다

가을이었다","박재당한3등급을아시오?(125.251) 2024.09.24 14:02:46
조회 362 추천 13 댓글 2",추천 13,조회 362,2024.09.24 14:02:46,https://gall.dcinside.com/mgallery/board/view/?id=jowon&no=13&page=1
망갤테스트,[일반],- dc official App,"조붕이(210.98) 2024.06.22 04:35:05
조회 165 추천 1 댓글 0",추천 1,조회 165,2024.06.22 04:35:05,https://gall.dcinside.com/mgallery/board/view/?id=jowon&no=11&page=1
뭐녀여긴ㅋㅋ,[일반],- dc official App,"조붕이(210.98) 2024.06.22 04:34:57
조회 124 추천 0 댓글 0",추천 0,조회 124,2024.06.22 04:34:57,https://gall.dcinside.com/mgallery/board/view/?id=jowon&no=10&page=1
소신)) 급식 맛 없음,[일반],"ㄹㅇ
- dc official App","조붕이(211.114) 2024.04.24 09:58:14
조회 315 추천 9 댓글 1",추천 9,조회 315,2024.04.24 09:58:14,https://gall.dcinside.com/mgallery/board/view/?id=jowon&no=9&page=1
올해 졸업했는데,[일반],좃고갤이 드디어 생기는구나,"조붕이(210.182) 2024.04.21 05:03:48
조회 257 추천 2 댓글 0",추천 2,조회 257,2024.04.21 05:03:48,https://gall.dcinside.com/mgallery/board/view/?id=jowon&no=7&page=1
앙기모띠,[일반],앙기모띠,"조붕이(211.209) 2024.04.19 20:25:15
조회 173 추천 2 댓글 0",추천 2,조회 173,2024.04.19 20:25:15,https://gall.dcinside.com/mgallery/board/view/?id=jowon&no=6&page=1
반갑노,[일반],무현,"조붕이(110.8) 2024.04.19 20:22:46
조회 196 추천 3 댓글 0",추천 3,조회 196,2024.04.19 20:22:46,https://gall.dcinside.com/mgallery/board/view/?id=jowon&no=5&page=1
