﻿제목,말머리,내용,글쓴이,추천수,조회수,날짜,링크
광붕이 ㅎㅎ,,"기숙사구나?
급식으로 김이 나왔쪄요?","광갤러(210.120) 2025.07.18 08:17:00
조회 37 추천 0 댓글 0",추천 0,조회 37,2025.07.18 08:17:00,https://gall.dcinside.com/mgallery/board/view/?id=kwangdong&no=284&page=1
안녕하세요 광갤여러분,,저는 응디시티에 살고있는 2025학년 2학년 응디응디입니다.,"응디응디(210.120) 2025.06.27 15:22:46
조회 52 추천 0 댓글 0",추천 0,조회 52,2025.06.27 15:22:46,https://gall.dcinside.com/mgallery/board/view/?id=kwangdong&no=282&page=1
응디시티,,아 노무 기분조좋노,"응디응디(210.120) 2025.06.27 15:19:22
조회 36 추천 0 댓글 0",추천 0,조회 36,2025.06.27 15:19:22,https://gall.dcinside.com/mgallery/board/view/?id=kwangdong&no=281&page=1
이시발개빡치니까,,"본관 4층 여자 화장실로 와라
자위쇼 보여준다","현무(210.120) 2025.06.24 09:56:55
조회 67 추천 0 댓글 0",추천 0,조회 67,2025.06.24 09:56:55,https://gall.dcinside.com/mgallery/board/view/?id=kwangdong&no=280&page=1
스파게티에 레몬에이드,,후식은 초콜릿,"정어계 2025.05.26 18:38:28
조회 44 추천 0 댓글 0",추천 0,조회 44,2025.05.26 18:38:28,https://gall.dcinside.com/mgallery/board/view/?id=kwangdong&no=279&page=1
현무니,,애미,"광갤러(210.120) 2025.05.21 09:34:42
조회 34 추천 0 댓글 0",추천 0,조회 34,2025.05.21 09:34:42,https://gall.dcinside.com/mgallery/board/view/?id=kwangdong&no=278&page=1
누가 더 유명함 에이브릴 라빈 이니에스타,,- dc official App,"디바(59.28) 2025.05.20 17:05:04
조회 38 추천 0 댓글 0",추천 0,조회 38,2025.05.20 17:05:04,https://gall.dcinside.com/mgallery/board/view/?id=kwangdong&no=277&page=1
똥,,뿌직,"광갤러(210.120) 2025.05.19 08:16:39
조회 56 추천 0 댓글 1",추천 0,조회 56,2025.05.19 08:16:39,https://gall.dcinside.com/mgallery/board/view/?id=kwangdong&no=276&page=1
맞딸하자는 애 섹스하러갔냐?,,관전플하려고 했더니 ㅋㅋ,"현무입니다 2025.05.19 07:44:00
조회 67 추천 0 댓글 0",추천 0,조회 67,2025.05.19 07:44:00,https://gall.dcinside.com/mgallery/board/view/?id=kwangdong&no=275&page=1
기숙사 들어가야겠다,,"그럼 학교에서 언제든 섹스 ㄱㄴ이잖아
솔직히 기숙사 애들 공부 좆도 안하는 씹병신 새끼들인데
섹스만 하고 있는거아님?","현무입니다 2025.05.18 17:50:36
조회 59 추천 2 댓글 0",추천 2,조회 59,2025.05.18 17:50:36,https://gall.dcinside.com/mgallery/board/view/?id=kwangdong&no=274&page=1
ㅇㅇㅇㅇㅇ,,ㅇㅇㅇㅇㅇㅇㅇㅇㅇㅇㄱㅊㅇ,"정어계 2025.05.18 12:18:44
조회 28 추천 0 댓글 0",추천 0,조회 28,2025.05.18 12:18:44,https://gall.dcinside.com/mgallery/board/view/?id=kwangdong&no=272&page=1
자위 장소 추천받는다,,"현무(222.101)
이장애시발새끼는 나랑 자위로 붙자","현무입니다 2025.05.18 10:30:16
조회 98 추천 0 댓글 1",추천 0,조회 98,2025.05.18 10:30:16,https://gall.dcinside.com/mgallery/board/view/?id=kwangdong&no=271&page=1
현무님이랑 사귀고 싶으시다고요?,,욕망을 절제하세요~,"욕망을절제하셔야합니다~ 2025.05.17 21:01:35
조회 45 추천 0 댓글 0",추천 0,조회 45,2025.05.17 21:01:35,https://gall.dcinside.com/mgallery/board/view/?id=kwangdong&no=270&page=1
현무님사랑사겨요,,- dc official App,"광갤러(180.70) 2025.05.17 20:54:39
조회 44 추천 0 댓글 0",추천 0,조회 44,2025.05.17 20:54:39,https://gall.dcinside.com/mgallery/board/view/?id=kwangdong&no=269&page=1
하아아앙,,,"하으읏(210.120) 2025.05.16 15:22:44
조회 56 추천 0 댓글 0",추천 0,조회 56,2025.05.16 15:22:44,https://gall.dcinside.com/mgallery/board/view/?id=kwangdong&no=266&page=1
ㄱㅊ,,ㅇ,"정어계 2025.05.13 18:13:06
조회 37 추천 0 댓글 0",추천 0,조회 37,2025.05.13 18:13:06,https://gall.dcinside.com/mgallery/board/view/?id=kwangdong&no=265&page=1
예쁜 누나랑 할복하면서 놀고싶다,,거기야 누나!,"정어계 2025.05.11 20:55:36
조회 47 추천 0 댓글 0",추천 0,조회 47,2025.05.11 20:55:36,https://gall.dcinside.com/mgallery/board/view/?id=kwangdong&no=263&page=1
수업시간에 몰래 같이 할복ㅈㅏ우ㅣ,,서로 배를 갈라 서로의 내장을 만지작 만지작 아앙♡,"정어계 2025.05.11 19:35:51
조회 38 추천 0 댓글 0",추천 0,조회 38,2025.05.11 19:35:51,https://gall.dcinside.com/mgallery/board/view/?id=kwangdong&no=262&page=1
스파게티엔 레몬티,,후식으론 초콜릿,"정어계 2025.05.11 19:32:07
조회 20 추천 0 댓글 0",추천 0,조회 20,2025.05.11 19:32:07,https://gall.dcinside.com/mgallery/board/view/?id=kwangdong&no=261&page=1
외박할걸,,귀찮아서 안나갔는데 집가고싶네,"광갤러(210.120) 2025.05.08 22:34:20
조회 30 추천 0 댓글 0",추천 0,조회 30,2025.05.08 22:34:20,https://gall.dcinside.com/mgallery/board/view/?id=kwangdong&no=260&page=1
사람이 진짜 개피곤할때,,기숙사 돌아가면서 빨리 사감쌤 보고싶다고 생각함,"정어계 2025.05.08 22:30:18
조회 53 추천 0 댓글 2",추천 0,조회 53,2025.05.08 22:30:18,https://gall.dcinside.com/mgallery/board/view/?id=kwangdong&no=259&page=1
할복자살 미소년,,학교 화장실에서 발견,"정어계 2025.05.08 08:07:22
조회 26 추천 0 댓글 0",추천 0,조회 26,2025.05.08 08:07:22,https://gall.dcinside.com/mgallery/board/view/?id=kwangdong&no=258&page=1
ㅇㅇ,,,"정어계 2025.05.08 07:28:14
조회 38 추천 0 댓글 0",추천 0,조회 38,2025.05.08 07:28:14,https://gall.dcinside.com/mgallery/board/view/?id=kwangdong&no=257&page=1
방광 안에 있는거 꿀꺽,,꿀꺽꺽 꾸울꺼억,"정어계 2025.05.08 07:23:28
조회 44 추천 0 댓글 0",추천 0,조회 44,2025.05.08 07:23:28,https://gall.dcinside.com/mgallery/board/view/?id=kwangdong&no=256&page=1
하루 세딸치는 광갤러인데,,"딸 못치니까 죽을맛이라
걍 룸메몰래치고있음
늦잠쌉가능이라 나가긴 싫어서 룸메 몰헤으응","광갤러(210.120) 2025.05.07 22:52:54
조회 53 추천 0 댓글 0",추천 0,조회 53,2025.05.07 22:52:54,https://gall.dcinside.com/mgallery/board/view/?id=kwangdong&no=255&page=1
시체유기,,♡♡♡♡♡♡,"정어계 2025.05.06 19:41:17
조회 29 추천 0 댓글 0",추천 0,조회 29,2025.05.06 19:41:17,https://gall.dcinside.com/mgallery/board/view/?id=kwangdong&no=253&page=1
학교가기싫은데,,학교가고싶다,"혜류 2025.05.04 21:09:47
조회 35 추천 0 댓글 0",추천 0,조회 35,2025.05.04 21:09:47,https://gall.dcinside.com/mgallery/board/view/?id=kwangdong&no=252&page=1
린쨩 초카와이,,카와이이이이이이,"정어계 2025.05.01 22:40:58
조회 42 추천 0 댓글 0",추천 0,조회 42,2025.05.01 22:40:58,https://gall.dcinside.com/mgallery/board/view/?id=kwangdong&no=251&page=1
할복이 너무 좋다,,끼에에에에에에에에에에엑,"정어계 2025.05.01 22:39:50
조회 32 추천 0 댓글 0",추천 0,조회 32,2025.05.01 22:39:50,https://gall.dcinside.com/mgallery/board/view/?id=kwangdong&no=250&page=1
숲속에서 할복하고 죽어가는 아이를 떠올려라,,그리고 발기해라,"정어계 2025.05.01 08:36:02
조회 30 추천 0 댓글 0",추천 0,조회 30,2025.05.01 08:36:02,https://gall.dcinside.com/mgallery/board/view/?id=kwangdong&no=249&page=1
아침 할복 실금 배변 구토 내장 피 그리고 시체,,꼴,"정어계 2025.05.01 08:08:57
조회 33 추천 0 댓글 0",추천 0,조회 33,2025.05.01 08:08:57,https://gall.dcinside.com/mgallery/board/view/?id=kwangdong&no=248&page=1
미소년 할복하고 교량 밑에 시체유기 하고싶어,,,"정어계 2025.04.30 22:14:25
조회 63 추천 0 댓글 1",추천 0,조회 63,2025.04.30 22:14:25,https://gall.dcinside.com/mgallery/board/view/?id=kwangdong&no=247&page=1
우리 학교 갤도 있구나..,,"오늘 학교 축제 개에바인데
진행하자고 한 사람 죽었으면 좋겠우요 :)","혜류 2025.04.30 15:24:46
조회 66 추천 0 댓글 0",추천 0,조회 66,2025.04.30 15:24:46,https://gall.dcinside.com/mgallery/board/view/?id=kwangdong&no=246&page=1
할복 존꼴,,ㅇㅇ,"정어계 2025.04.29 23:07:33
조회 37 추천 0 댓글 0",추천 0,조회 37,2025.04.29 23:07:33,https://gall.dcinside.com/mgallery/board/view/?id=kwangdong&no=245&page=1
ㅋㅋㅋ,,,"광갤러(222.101) 2025.04.29 18:31:40
조회 46 추천 0 댓글 0",추천 0,조회 46,2025.04.29 18:31:40,https://gall.dcinside.com/mgallery/board/view/?id=kwangdong&no=241&page=1
09년생들 가정교육 못 받은 티가남,,ㅇㅇ,"광갤러(210.120) 2025.04.29 14:53:26
조회 109 추천 0 댓글 3",추천 0,조회 109,2025.04.29 14:53:26,https://gall.dcinside.com/mgallery/board/view/?id=kwangdong&no=240&page=1
누가 더 유명함 디카프리오 호날두,,- dc official App,"디바(59.28) 2025.04.29 14:35:08
조회 50 추천 0 댓글 2",추천 0,조회 50,2025.04.29 14:35:08,https://gall.dcinside.com/mgallery/board/view/?id=kwangdong&no=239&page=1
진짜 음란하다,,"학교에서 강요하는 오줌참기, 소변검사 ㅗㅜㅑ","정어계 2025.04.29 08:22:40
조회 104 추천 0 댓글 0",추천 0,조회 104,2025.04.29 08:22:40,https://gall.dcinside.com/mgallery/board/view/?id=kwangdong&no=238&page=1
기숙사 1학년 싸가지 없다,,선배한테 말하는 꼬라지가,"정어계 2025.04.29 07:32:07
조회 68 추천 0 댓글 0",추천 0,조회 68,2025.04.29 07:32:07,https://gall.dcinside.com/mgallery/board/view/?id=kwangdong&no=237&page=1
미소녀 할복하고 싶다,,"내장 따뜻할때 끌어안아야함
실금하면 몸에 묻히고 싶고","정어계 2025.04.28 22:51:57
조회 36 추천 0 댓글 0",추천 0,조회 36,2025.04.28 22:51:57,https://gall.dcinside.com/mgallery/board/view/?id=kwangdong&no=236&page=1
밥먹는중,,할복 할 생각뿐,"정어계 2025.04.28 16:44:29
조회 38 추천 0 댓글 0",추천 0,조회 38,2025.04.28 16:44:29,https://gall.dcinside.com/mgallery/board/view/?id=kwangdong&no=234&page=1
글댓합 100이 자랑인가요?,,"더 짜치네요
자중하시길 바랍니다~","욕망을절제하셔야합니다~ 2025.04.28 15:56:50
조회 46 추천 0 댓글 0",추천 0,조회 46,2025.04.28 15:56:50,https://gall.dcinside.com/mgallery/board/view/?id=kwangdong&no=233&page=1
소변검사 개꼴,,내 오줌을 남에게 보여주는건가,"정어계 2025.04.28 08:29:44
조회 65 추천 0 댓글 0",추천 0,조회 65,2025.04.28 08:29:44,https://gall.dcinside.com/mgallery/board/view/?id=kwangdong&no=231&page=1
아침,,할복실금,"정어계 2025.04.28 08:17:09
조회 31 추천 0 댓글 0",추천 0,조회 31,2025.04.28 08:17:09,https://gall.dcinside.com/mgallery/board/view/?id=kwangdong&no=230&page=1
여기 기숙사생 적어도 3명은 있는듯,,기숙사가 이렇게 똥간이었나,"광갤러(210.120) 2025.04.27 23:31:58
조회 57 추천 0 댓글 0",추천 0,조회 57,2025.04.27 23:31:58,https://gall.dcinside.com/mgallery/board/view/?id=kwangdong&no=226&page=1
누가 더 유명함 에미넴 메시,,- dc official App,"디바(59.28) 2025.04.27 23:28:54
조회 54 추천 0 댓글 1",추천 0,조회 54,2025.04.27 23:28:54,https://gall.dcinside.com/mgallery/board/view/?id=kwangdong&no=225&page=2
청소 왜 개지랄이노,,미친년,"광갤러(210.120) 2025.04.27 22:22:19
조회 35 추천 0 댓글 0",추천 0,조회 35,2025.04.27 22:22:19,https://gall.dcinside.com/mgallery/board/view/?id=kwangdong&no=222&page=2
인간의 성욕을 자극하는 할복,,"아프고 죽기 싫어서 발버둥 치는 것도 좋고
웃으면서 장기자랑하는 것도 좋지만
의의는 실금과 배변에 있다

일단 몸에 힘이 빠져서 나온다는 부분이 제일 꼴","정어계 2025.04.27 02:12:09
조회 66 추천 0 댓글 0",추천 0,조회 66,2025.04.27 02:12:09,https://gall.dcinside.com/mgallery/board/view/?id=kwangdong&no=219&page=2
왕숙천 산책하고 왔다,,할복하기 딱 좋은 곳,"정어계 2025.04.26 20:01:31
조회 48 추천 0 댓글 0",추천 0,조회 48,2025.04.26 20:01:31,https://gall.dcinside.com/mgallery/board/view/?id=kwangdong&no=218&page=2
나는 사실 유체이탈을 할 수 있어,,"너네 똥싸는거 지켜봤어
낑낑 거리는게 귀엽더라","정어계 2025.04.26 06:16:40
조회 39 추천 0 댓글 0",추천 0,조회 39,2025.04.26 06:16:40,https://gall.dcinside.com/mgallery/board/view/?id=kwangdong&no=217&page=2
부끄러워하는 나체의 은발미소녀,,,"정어계 2025.04.26 06:08:59
조회 44 추천 0 댓글 0",추천 0,조회 44,2025.04.26 06:08:59,https://gall.dcinside.com/mgallery/board/view/?id=kwangdong&no=216&page=2
할복이 꼴린다 쇼타를 범죄자로 키울거다 로리는 굶겨죽인다 이러지만 결국,,"시험 끝나면 정상성욕 돌아올게 뻔한걸

한국의 교육제도는 사람을 싸이코패스로 만든다 ㄷㄷㄷㄷ","정어계 2025.04.25 03:29:05
조회 54 추천 0 댓글 0",추천 0,조회 54,2025.04.25 03:29:05,https://gall.dcinside.com/mgallery/board/view/?id=kwangdong&no=212&page=2
귀여운 로리는 굶어죽이고 싶음,,"굶어 죽는 과정 말라가는 과정 지켜보고 싶어
밥 달라고 하면 죽인다고 협박하며 사랑을 갈구하게 만들고 싶음
근데 사랑은 안주고 싶음. 사랑 받지 못한 미소녀가 너무 좋음","정어계 2025.04.25 03:10:34
조회 42 추천 0 댓글 0",추천 0,조회 42,2025.04.25 03:10:34,https://gall.dcinside.com/mgallery/board/view/?id=kwangdong&no=209&page=2
페미년들 다 뒤져라,,"고3이 있지도 않은 가오잡고 오스트렐라피테쿠스 마냥 구부정하게  걷노
키도 작은 년이 할머니인데 노인정이나 가지 뭔 기숙사를 쳐 와서 죽여버리고 싶게 만드노","광갤러(210.120) 2025.04.24 23:14:50
조회 46 추천 0 댓글 0",추천 0,조회 46,2025.04.24 23:14:50,https://gall.dcinside.com/mgallery/board/view/?id=kwangdong&no=202&page=2
사감 또,,개지랄이노,"광갤러(210.120) 2025.04.24 22:15:30
조회 44 추천 0 댓글 0",추천 0,조회 44,2025.04.24 22:15:30,https://gall.dcinside.com/mgallery/board/view/?id=kwangdong&no=201&page=2
귀여운 쇼타를 보면 괴롭히고 싶음,,"신체적 폭행은 물론이고 정서적 학대도 해서 자존감 낮아지게 하고싶다.
나한테서 못벗어나게
모든 인간은 쓰레기고 나만 믿어야한다면서 가스라이팅 하고
범죄자로 키우고 싶음","정말어쩔수없는계정 2025.04.24 21:23:59
조회 53 추천 0 댓글 0",추천 0,조회 53,2025.04.24 21:23:59,https://gall.dcinside.com/mgallery/board/view/?id=kwangdong&no=200&page=2
공부하기 싫다,,그치 네루야,"정말어쩔수없는계정 2025.04.24 21:09:46
조회 60 추천 0 댓글 0",추천 0,조회 60,2025.04.24 21:09:46,https://gall.dcinside.com/mgallery/board/view/?id=kwangdong&no=198&page=2
시체는,,"옷 벗겨서 사람 많이 다니는 곳에 전시하고 싶음
난 진지해","정말어쩔수없는계정 2025.04.24 12:08:19
조회 40 추천 0 댓글 0",추천 0,조회 40,2025.04.24 12:08:19,https://gall.dcinside.com/mgallery/board/view/?id=kwangdong&no=193&page=2
할보기할복 할복어,,"내장 튀어나오고 피도 뿜고 오줌도 지리고

갈비뼈 뜯으면 비명지름

겁나 아파죽겠는 와중에 능욕 겁나 당하고

어느순간부터 고통 안느껴지는 것 같으면

직장이나 대장 찌르고 가르면서 대변 꺼내서 보여주고 싶음.

그러다 죽으면 세워서 매달아놓고 괄약근 풀림+중력때문에
대소변 우르르 쏟아져나옴.","정말어쩔수없는계정 2025.04.24 08:41:53
조회 48 추천 0 댓글 0",추천 0,조회 48,2025.04.24 08:41:53,https://gall.dcinside.com/mgallery/board/view/?id=kwangdong&no=191&page=2
사감 개지랄이노,,ㅇ,"광갤러(210.120) 2025.04.24 00:16:13
조회 50 추천 0 댓글 0",추천 0,조회 50,2025.04.24 00:16:13,https://gall.dcinside.com/mgallery/board/view/?id=kwangdong&no=190&page=2
사람은 죽으면,,똥을 남긴다,"정말어쩔수없는계정 2025.04.23 20:40:09
조회 48 추천 0 댓글 0",추천 0,조회 48,2025.04.23 20:40:09,https://gall.dcinside.com/mgallery/board/view/?id=kwangdong&no=189&page=2
저 시발 장애병신은 ㄴㄱ냐,,개지랄떠네,"현무(210.120) 2025.04.23 18:21:26
조회 81 추천 0 댓글 0",추천 0,조회 81,2025.04.23 18:21:26,https://gall.dcinside.com/mgallery/board/view/?id=kwangdong&no=188&page=2
하우웃한녀오나홀에넣어버려엇,,,"현무노~(222.101) 2025.04.22 16:28:12
조회 78 추천 0 댓글 0",추천 0,조회 78,2025.04.22 16:28:12,https://gall.dcinside.com/mgallery/board/view/?id=kwangdong&no=182&page=2
한녀들 한심하노,,시험 망했다고 질질짜는거 보소,"현무노~(222.101) 2025.04.22 16:16:05
조회 58 추천 0 댓글 0",추천 0,조회 58,2025.04.22 16:16:05,https://gall.dcinside.com/mgallery/board/view/?id=kwangdong&no=180&page=2
쥬,,,"현무노~(222.101) 2025.04.22 16:00:54
조회 71 추천 1 댓글 0",추천 1,조회 71,2025.04.22 16:00:54,https://gall.dcinside.com/mgallery/board/view/?id=kwangdong&no=178&page=2
섹스이러네ㅋㅋㅋ,,음악이야말로진정한섹스라고머저리야머저리야머저리야머저리야머저리야머저리야머저리야머저리야머저리야머저리야,"정말어쩔수없는계정 2025.04.22 15:52:32
조회 53 추천 0 댓글 0",추천 0,조회 53,2025.04.22 15:52:32,https://gall.dcinside.com/mgallery/board/view/?id=kwangdong&no=176&page=2
병신섹스노무좋노응기잇,,,"현무노~(222.101) 2025.04.22 15:48:25
조회 62 추천 0 댓글 0",추천 0,조회 62,2025.04.22 15:48:25,https://gall.dcinside.com/mgallery/board/view/?id=kwangdong&no=175&page=2
음침여고생이 비명지르는 짤,,,"정말어쩔수없는계정 2025.04.22 15:29:22
조회 79 추천 0 댓글 0",추천 0,조회 79,2025.04.22 15:29:22,https://gall.dcinside.com/mgallery/board/view/?id=kwangdong&no=172&page=2
여러분 정신 차리세요!!,,욕망을 절제하셔야 합니다~,"욕망을절제하셔야합니다~ 2025.04.22 15:22:46
조회 48 추천 0 댓글 0",추천 0,조회 48,2025.04.22 15:22:46,https://gall.dcinside.com/mgallery/board/view/?id=kwangdong&no=171&page=2
만점 못받으면 생기는 일,,,"정말어쩔수없는계정 2025.04.22 15:11:26
조회 60 추천 0 댓글 0",추천 0,조회 60,2025.04.22 15:11:26,https://gall.dcinside.com/mgallery/board/view/?id=kwangdong&no=170&page=2
앙앙 가슴짱 야메뗑 ㅜ,,,"현무(222.101) 2025.04.22 14:46:40
조회 94 추천 4 댓글 0",추천 4,조회 94,2025.04.22 14:46:40,https://gall.dcinside.com/mgallery/board/view/?id=kwangdong&no=169&page=2
앙 가슴,,ㅋ,"현무(222.101) 2025.04.22 14:37:43
조회 75 추천 0 댓글 0",추천 0,조회 75,2025.04.22 14:37:43,https://gall.dcinside.com/mgallery/board/view/?id=kwangdong&no=167&page=2
하우읏,,만점 맞아서 엉망진창 멧챠큣챠 가버려엇..!!♡@♡,"현무(222.101) 2025.04.22 13:35:24
조회 67 추천 1 댓글 0",추천 1,조회 67,2025.04.22 13:35:24,https://gall.dcinside.com/mgallery/board/view/?id=kwangdong&no=166&page=2
시험후기,,,"정말어쩔수없는계정 2025.04.22 12:43:35
조회 74 추천 1 댓글 0",추천 1,조회 74,2025.04.22 12:43:35,https://gall.dcinside.com/mgallery/board/view/?id=kwangdong&no=165&page=2
오...,,ㅋㅋㅋㅋㅋㅋㅋㅋㅋㅋㅋㅋ,"욕망을절제하셔야합니다~ 2025.04.21 16:27:35
조회 44 추천 1 댓글 0",추천 1,조회 44,2025.04.21 16:27:35,https://gall.dcinside.com/mgallery/board/view/?id=kwangdong&no=161&page=2
"교실,그리고 똥",,"아직은 아니다.
아직은 안된다.
모두가 구역질을 멈추지 못하고 있다.
담임 선생님은 똥 속으로 사라진지 오래됐다.
저 똥은 누구의 똥....
아니 그보다
암모니아 냄새가 진동하잖아!!!!!","정말어쩔수없는계정 2025.04.21 14:27:34
조회 55 추천 0 댓글 0",추천 0,조회 55,2025.04.21 14:27:34,https://gall.dcinside.com/mgallery/board/view/?id=kwangdong&no=158&page=2
인스타 고해성사인지 구애성사인지,,어떤 개병신장애새끼가 내 얘기했냐 ㅋㅋㅋ,"현무(210.120) 2025.04.21 12:11:32
조회 71 추천 0 댓글 0",추천 0,조회 71,2025.04.21 12:11:32,https://gall.dcinside.com/mgallery/board/view/?id=kwangdong&no=157&page=2
"현무님, 욕망을절제하셔야합니다~",,저랑사귀어요,"욕망을절제하셔야합니다~ 2025.04.21 09:57:37
조회 65 추천 0 댓글 1",추천 0,조회 65,2025.04.21 09:57:37,https://gall.dcinside.com/mgallery/board/view/?id=kwangdong&no=156&page=2
헤후응.....,,특정당해서학교공용변기로학생들에게봉사당하고싶어졋!,"현무(210.120) 2025.04.21 08:31:53
조회 66 추천 0 댓글 2",추천 0,조회 66,2025.04.21 08:31:53,https://gall.dcinside.com/mgallery/board/view/?id=kwangdong&no=155&page=2
광동고괴담,,"광동고 교내 어딘가에 불사조의 똥화석이 있다고한다.
그걸 뜨거운 물에 담가 우려마시면 펑범한 인간도 영생을 살 수 있다고.......","정말어쩔수없는계정 2025.04.21 08:07:55
조회 88 추천 0 댓글 0",추천 0,조회 88,2025.04.21 08:07:55,https://gall.dcinside.com/mgallery/board/view/?id=kwangdong&no=152&page=2
아이고~,,현무 등장~,"현무(210.120) 2025.04.21 08:04:31
조회 39 추천 0 댓글 0",추천 0,조회 39,2025.04.21 08:04:31,https://gall.dcinside.com/mgallery/board/view/?id=kwangdong&no=151&page=2
개뻘짓이다.,,반박시 니 말이 다 틀림 ㅇㅇ,"ㅇㅇ(175.192) 2025.04.20 23:11:47
조회 72 추천 0 댓글 0",추천 0,조회 72,2025.04.20 23:11:47,https://gall.dcinside.com/mgallery/board/view/?id=kwangdong&no=145&page=2
다들 인스타보고 왔네,,"특정잡힐까봐 유동으로 쓰는데
눈팅하지말고 글좀 올려","ㅌㄹㄱㅇ(182.216) 2025.04.20 22:44:19
조회 99 추천 3 댓글 0",추천 3,조회 99,2025.04.20 22:44:19,https://gall.dcinside.com/mgallery/board/view/?id=kwangdong&no=144&page=2
눈팅만 하지 말고 글을 써봐라 게이야,,"좆같은 광갤 눈팅하는거 보면 같은 학교 아닌교?
다른 병신련은 글쓰기 시작했는데
아직도 눈팅하는 장애병신은 뭐노? ㅋㅋ","현무(210.120) 2025.04.20 16:19:37
조회 63 추천 0 댓글 1",추천 0,조회 63,2025.04.20 16:19:37,https://gall.dcinside.com/mgallery/board/view/?id=kwangdong&no=142&page=2
아니시불 개웃기노 ㅋㅋㅋㅋㅋㅋㅋㅋㅋㅋ,,https://youtu.be/e03N8be6eb4,"현무(210.120) 2025.04.20 16:13:16
조회 57 추천 0 댓글 0",추천 0,조회 57,2025.04.20 16:13:16,https://gall.dcinside.com/mgallery/board/view/?id=kwangdong&no=141&page=2
아니 현무 왜 나랑 아이피 같냐고,,ㅋㅋㅋㅋㅋㅋㅋㅋㅋㅋㅋ미세하게 다른 것도 아니고 아예 겹치는데 같은반은 아니겠지,"ㅇㅇ(210.120) 2025.04.18 13:53:19
조회 58 추천 0 댓글 1",추천 0,조회 58,2025.04.18 13:53:19,https://gall.dcinside.com/mgallery/board/view/?id=kwangdong&no=140&page=2
ㅇㅇ,,ㅇ,"현무(210.120) 2025.04.18 13:52:32
조회 33 추천 0 댓글 0",추천 0,조회 33,2025.04.18 13:52:32,https://gall.dcinside.com/mgallery/board/view/?id=kwangdong&no=139&page=2
ㅅㅔㄱ스 하고 싶다고?,,음악이야말로 진정한 섹스다 음악을 들어라,"ㅇㅇ(220.121) 2025.04.16 16:21:10
조회 51 추천 0 댓글 0",추천 0,조회 51,2025.04.16 16:21:10,https://gall.dcinside.com/mgallery/board/view/?id=kwangdong&no=137&page=2
너의 눈동자를,,핥핥핥핥핥핥,"ㅇㅇ(210.120) 2025.04.08 08:04:14
조회 17 추천 1 댓글 0",추천 1,조회 17,2025.04.08 08:04:14,https://gall.dcinside.com/mgallery/board/view/?id=kwangdong&no=133&page=2
현무 등장,,현무혀무현무현노ㅜㅜ현무ㅜ노무ㅜ현,"현무(210.120) 2025.04.08 00:05:34
조회 29 추천 0 댓글 0",추천 0,조회 29,2025.04.08 00:05:34,https://gall.dcinside.com/mgallery/board/view/?id=kwangdong&no=132&page=2
맨날 학교에서 ㅈr우ㅣ하던 놈 어디갔냐,,걸림?,"ㅇㅇ(118.235) 2025.04.07 18:58:50
조회 97 추천 0 댓글 1",추천 0,조회 97,2025.04.07 18:58:50,https://gall.dcinside.com/mgallery/board/view/?id=kwangdong&no=131&page=2
내일은 자판기 앞에서,,ㅇㅇ,"현무(210.120) 2025.03.27 22:50:03
조회 69 추천 0 댓글 1",추천 0,조회 69,2025.03.27 22:50:03,https://gall.dcinside.com/mgallery/board/view/?id=kwangdong&no=130&page=2
교실자위 후기,,"헤으응,,","현무(210.120) 2025.03.27 22:28:18
조회 118 추천 0 댓글 1",추천 0,조회 118,2025.03.27 22:28:18,https://gall.dcinside.com/mgallery/board/view/?id=kwangdong&no=129&page=2
너희 교실에서 똥좀 그만싸,,"교실이 야해지자나
오줌도 같이 지리면서
확 그냥 기저귀를 채워버릴까봐
너희들 똥을 먹는 추잡한 행위까지 하는건 아니디?
웅?
꺄아아아아ㅏㅏㅏ너무 야행~!
똥냄새 맡고 구토나 울컥울컥 해버려랏~♡
꿀꺽꿀꺽","ㅇㅇ(210.120) 2025.03.27 02:07:59
조회 51 추천 1 댓글 0",추천 1,조회 51,2025.03.27 02:07:59,https://gall.dcinside.com/mgallery/board/view/?id=kwangdong&no=127&page=2
게이들아,,고닉파라 병신이 몇명이노,"현무(210.120) 2025.03.27 00:59:24
조회 30 추천 0 댓글 0",추천 0,조회 30,2025.03.27 00:59:24,https://gall.dcinside.com/mgallery/board/view/?id=kwangdong&no=125&page=3
광갤러들아,,자위하자 장소 추천 ㄱ 같이 ㄱㄱ,"현무(210.120) 2025.03.26 23:27:28
조회 70 추천 0 댓글 2",추천 0,조회 70,2025.03.26 23:27:28,https://gall.dcinside.com/mgallery/board/view/?id=kwangdong&no=124&page=3
더러운 얘기하는 쟤 왜 나랑 아이피가 같냐,,너도 광동고임?,"광갤러(210.120) 2025.03.26 23:11:21
조회 49 추천 0 댓글 0",추천 0,조회 49,2025.03.26 23:11:21,https://gall.dcinside.com/mgallery/board/view/?id=kwangdong&no=123&page=3
교실 자위후기,,모고인줄 몰랐노..,"광갤러(210.120) 2025.03.26 23:09:42
조회 110 추천 0 댓글 2",추천 0,조회 110,2025.03.26 23:09:42,https://gall.dcinside.com/mgallery/board/view/?id=kwangdong&no=122&page=3
너가 키운 꽃과 나무를 안고,,뽀뽀,"ㅇㅇ(210.120) 2025.03.26 01:32:00
조회 41 추천 0 댓글 1",추천 0,조회 41,2025.03.26 01:32:00,https://gall.dcinside.com/mgallery/board/view/?id=kwangdong&no=121&page=3
다음 장소는 교실이다,,긴장해라 ㅋㅋㅋ,"광갤러(210.120) 2025.03.25 22:30:34
조회 48 추천 0 댓글 1",추천 0,조회 48,2025.03.25 22:30:34,https://gall.dcinside.com/mgallery/board/view/?id=kwangdong&no=120&page=3
ㅈrㅇㅟ후기,,담배그만피워라썅년들아,"광갤러(210.120) 2025.03.24 23:19:21
조회 98 추천 1 댓글 2",추천 1,조회 98,2025.03.24 23:19:21,https://gall.dcinside.com/mgallery/board/view/?id=kwangdong&no=119&page=3
음식물 쓰레기더미에 머리를 박으면,,"분명 악취가 구토를 유발하겠지
그 토사물은 분명 음식물 찌꺼기들과 함께 얼굴을 더럽히겠지.
그리고 너희들은 서로의 얼굴을 핥아야할거야","ㅇㅇ(118.235) 2025.03.24 20:36:54
조회 41 추천 1 댓글 0",추천 1,조회 41,2025.03.24 20:36:54,https://gall.dcinside.com/mgallery/board/view/?id=kwangdong&no=118&page=3
얘들아,,"똥 먹어줘
그리고 음식물 쓰레기 더미에 머리를 박아줘
그리고 다시 똥을 싸줘
오줌도 같이 싸줘
사랑해 얘들아","ㅇㅇ(118.235) 2025.03.24 20:15:44
조회 32 추천 3 댓글 0",추천 3,조회 32,2025.03.24 20:15:44,https://gall.dcinside.com/mgallery/board/view/?id=kwangdong&no=117&page=3
여기 완장?은 몇살일까,,ㅇㅇ..,"광갤러(210.120) 2025.03.23 22:51:35
조회 37 추천 0 댓글 0",추천 0,조회 37,2025.03.23 22:51:35,https://gall.dcinside.com/mgallery/board/view/?id=kwangdong&no=114&page=3
내일 여자화장실에서,,자ㅇㅜㅣ해야딩,"광갤러(210.120) 2025.03.23 22:30:12
조회 99 추천 3 댓글 1",추천 3,조회 99,2025.03.23 22:30:12,https://gall.dcinside.com/mgallery/board/view/?id=kwangdong&no=113&page=3
오늘 급식,,초콜릿이 존맛 ㅋㅋㅋㅋ,"청갤러(1.240) 2025.02.04 13:08:48
조회 98 추천 1 댓글 0",추천 1,조회 98,2025.02.04 13:08:48,https://gall.dcinside.com/mgallery/board/view/?id=kwangdong&no=112&page=3
계엄령ㅋㅋ,,"하루뒤에 엄마 속에 계엄준비중인 수험생이면 개추
- dc official App","남양주호빠1지명표율 2024.12.05 16:09:36
조회 212 추천 0 댓글 1",추천 0,조회 212,2024.12.05 16:09:36,https://gall.dcinside.com/mgallery/board/view/?id=kwangdong&no=105&page=3
.,,요이사키 카나데 화이팅!!!!!요이사키 카나데 화이팅!!!!!요이사키 카나데 화이팅!!!!!요이사키 카나데 화이팅!!!!!요이사키 카나데 화이팅!!!!!요이사키 카나데 화이팅!!!!!요이사키 카나데 화이팅!!!!!요이사키 카나데 화이팅!!!!!요이사키 카나데 화이팅!!!!!요이사키 카나데 화이팅!!!!!요이사키 카나데 화이팅!!!!!요이사키 카나데 화이팅!!!!!요이사키 카나데 화이팅!!!!!요이사키 카나데 화이팅!!!!!요이사키 카나데 화이팅!!!!!요이사키 카나데 화이팅!!!!!요이사키 카나데 화이팅!!!!!요이사키 카나데 화이팅!!!!!요이사키 카나데 화이팅!!!!!요이사키 카나데 화이팅!!!!!요이사키 카나데 화이팅!!!!!요이사키 카나데 화이팅!!!!!요이사키 카나데 화이팅!!!!!요이사키 카나데 화이팅!!!!!요이사키 카나데 화이팅!!!!!요이사키 카나데 화이팅!!!!!요이사키 카나데 화이팅!!!!!요이사키 카나데 화이팅!!!!!요이사키 카나데 화이팅!!!!!요이사키 카나데 화이팅!!!!!요이사키 카나데 화이팅!!!!!요이사키 카나데 화이팅!!!!!요이사키 카나데 화이팅!!!!!요이사키 카나데 화이팅!!!!!요이사키 카나데 화이팅!!!!!요이사키 카나데 화이팅!!!!!요이사키 카나데 화이팅!!!!!요이사키 카나데 화이팅!!!!!요이사키 카나데 화이팅!!!!!요이사키 카나데 화이팅!!!!!요이사키 카나데 화이팅!!!!!요이사키 카나데 화이팅!!!!!요이사키 카나데 화이팅!!!!!요이사키 카나데 화이팅!!!!!요이사키 카나데 화이팅!!!!!요이사키 카나데 화이팅!!!!!요이사키 카나데 화이팅!!!!!요이사키 카나데 화이팅!!!!!요이사키 카나데 화이팅!!!!!요이사키 카나데 화이팅!!!!!요이사키 카나데 화이팅!!!!!요이사키 카나데 화이팅!!!!!요이사키 카나데 화이팅!!!!!요이사키 카나데 화이팅!!!!!요이사키 카나데 화이팅!!!!!요이사키 카나데 화이팅!!!!!요이사키 카나데 화이팅!!!!!요이사키 카나데 화이팅!!!!!요이사키 카나데 화이팅!!!!!요이사키 카나데 화이팅!!!!!요이사키 카나데 화이팅!!!!!요이사키 카나데 화이팅!!!!!요이사키 카나데 화이팅!!!!!요이사키 카나데 화이팅!!!!!요이사키 카나데 화이팅!!!!!요이사키 카나데 화이팅!!!!!요이사키 카나데 화이팅!!!!!요이사키 카나데 화이팅!!!!!요이사키 카나데 화이팅!!!!!요이사키 카나데 화이팅!!!!!요이사키 카나데 화이팅!!!!!요이사키 카나데 화이팅!!!!!요이사키 카나데 화이팅!!!!!요이사키 카나데 화이팅!!!!!요이사키 카나데 화이팅!!!!!요이사키 카나데 화이팅!!!!!요이사키 카나데 화이팅!!!!!요이사키 카나데 화이팅!!!!!요이사키 카나데 화이팅!!!!!요이사키 카나데 화이팅!!!!!요이사키 카나데 화이팅!!!!!요이사키 카나데 화이팅!!!!!요이사키 카나데 화이팅!!!!!요이사키 카나데 화이팅!!!!!요이사키 카나데 화이팅!!!!!요이사키 카나데 화이팅!!!!!요이사키 카나데 화이팅!!!!!요이사키 카나데 화이팅!!!!!요이사키 카나데 화이팅!!!!!요이사키 카나데 화이팅!!!!!요이사키 카나데 화이팅!!!!!요이사키 카나데 화이팅!!!!!요이사키 카나데 화이팅!!!!!요이사키 카나데 화이팅!!!!!,"광갤러(121.163) 2024.08.26 02:02:44
조회 449 추천 30 댓글 1",추천 30,조회 449,2024.08.26 02:02:44,https://gall.dcinside.com/mgallery/board/view/?id=kwangdong&no=103&page=3
농어촌 개꿀빨거면 ㄱㄱ,,"https://open.kakao.com/o/gWcNViCg
 농어촌 메디컬 정보공유방
#농어촌 #메디컬 #농어촌 #농어촌전형
open.kakao.com","ㅇㅇ(118.38) 2024.07.11 17:11:38
조회 208 추천 0 댓글 0",추천 0,조회 208,2024.07.11 17:11:38,https://gall.dcinside.com/mgallery/board/view/?id=kwangdong&no=101&page=3
조직스토킹 피해를 당하고 있어요,,"이 얘기를 주위 사람들에게 알리길 바랍니다

제가 도서관 가는길에  그사람과  마주치고 그 사람이 동생에게 제 이름을 알아오라고 지시한후로
저에게 조직스토킹과 도청이 일어나기 시작했습니다

24시간 제가 깨어있는 시간내내
저를 포함한 저희가족, 친척과 관련해서 저에게 성적희롱과 조롱을 하고 협박합니다
저희집 내부를 전부 보고있다고 말합니다
집주소(+비밀번호) 저희가족 친척 이름
심지어 저희부모 통장비밀번호까지 알고있다고 말합니다

밥도 제대로 먹을수없게 괴롭힙니다
협박하면서 잠도 자지못하게 해서
밤을 샌적이 수도 없이 많습니다
제가 죽는 그순간까지 계속 할거라고 말합니다

그 사람이 누구인지 직감적으로 아실거라고 봅니다

절대 그 사람과 가까이하지 않길 바랍니다

제 인생은 그 사람으로 인해 망했습니다
제가 제 자신을 포기할수밖에 없는 상황입니다

제가 이걸 보내는 이유는
조심하라는 차원에서 보내는겁니다

당신도 그 사람의 표적이 될수있습니다.

그로인해 저희 부모 차 사고 났습니다
- dc official App","광갤러(118.235) 2024.06.19 18:42:21
조회 240 추천 0 댓글 1",추천 0,조회 240,2024.06.19 18:42:21,https://gall.dcinside.com/mgallery/board/view/?id=kwangdong&no=99&page=3
"광동고 1,3학년은 예쁜 애들 많은데",,"2학년 무슨 일임
- dc official App","광갤러(223.38) 2024.05.14 20:07:41
조회 551 추천 4 댓글 2",추천 4,조회 551,2024.05.14 20:07:41,https://gall.dcinside.com/mgallery/board/view/?id=kwangdong&no=97&page=3
지금부터 광동고 갤러리는 네네코 마시로가 점령한다.,,"다 꺼지쇼
- dc official App","ㅇㅇㅇ(112.147) 2024.05.12 20:30:33
조회 191 추천 11 댓글 0",추천 11,조회 191,2024.05.12 20:30:33,https://gall.dcinside.com/mgallery/board/view/?id=kwangdong&no=96&page=3
광동고 수준,,"1
이미지 순서 ON
2
3
4
5
구글에 광동고등학교 검색하면 나오는 리뷰들이고

별점은 2점대

요즘도 학교 수준 이럼?
- dc official App","광갤러(211.234) 2024.03.17 20:56:34
조회 678 추천 3 댓글 2",추천 3,조회 678,2024.03.17 20:56:34,https://gall.dcinside.com/mgallery/board/view/?id=kwangdong&no=95&page=3
싱글벙글 광동고 출신인물...jpg,,"신윤섭...!


최초 광동고 출신  지인능욕범 !!!

https://archive.is/HrOmi

 지인능욕범 광동고 신윤섭 | 디지털 교도소
보관 2020년 7월 13일 22:53:03 UTC
archive.is


구글링 뒤지다가 나왔는데 뭐냐??ㅋㅋ","광갤러(104.244) 2024.01.11 12:43:27
조회 1527 추천 8 댓글 0",추천 8,조회 1527,2024.01.11 12:43:27,https://gall.dcinside.com/mgallery/board/view/?id=kwangdong&no=91&page=3
진접읍 존나 거지새끼들 사는 동네 아니냐? ㅋ,,ㅋㅋㅋㅋㅋ '읍'에 사는 병신새끼들 ㅉㅉ,"광갤러(119.203) 2023.12.05 18:22:15
조회 632 추천 1 댓글 3",추천 1,조회 632,2023.12.05 18:22:15,https://gall.dcinside.com/mgallery/board/view/?id=kwangdong&no=90&page=3
가정학습,,"광동고 지금 가정학습 쓸 수 있냐?
- dc official App","광갤러(112.157) 2023.09.04 01:49:15
조회 241 추천 0 댓글 1",추천 0,조회 241,2023.09.04 01:49:15,https://gall.dcinside.com/mgallery/board/view/?id=kwangdong&no=86&page=3
여기 신입생 내신 커트라인 몇이냐?,,대충 150 잡으면 되냐,"광갤러(112.148) 2023.08.17 03:03:52
조회 455 추천 0 댓글 1",추천 0,조회 455,2023.08.17 03:03:52,https://gall.dcinside.com/mgallery/board/view/?id=kwangdong&no=85&page=3
담배 화장실에서 그만좀 펴라,,제정신이냐,"ㅇㅇ(180.70) 2023.07.07 20:35:18
조회 328 추천 0 댓글 0",추천 0,조회 328,2023.07.07 20:35:18,https://gall.dcinside.com/mgallery/board/view/?id=kwangdong&no=84&page=3
아직도,,"한병준

김태석

전재현?

있냐?

ㅋㅋㅋㅋㅋㅋㅋㅋㅋㅋㅋㅋㅋㅋㅋㅋㅋㅋㅋㅋㅋㅋㅋㅋㅋㅋㅋㅋㅋㅋㅋ
- dc official App","ㅇㅇ(176.113) 2023.06.26 20:56:33
조회 181 추천 0 댓글 0",추천 0,조회 181,2023.06.26 20:56:33,https://gall.dcinside.com/mgallery/board/view/?id=kwangdong&no=83&page=3
최승원 개새기야,,싸이버거 사줘라,"ㅇㅇ(112.159) 2023.06.10 15:41:29
조회 456 추천 1 댓글 1",추천 1,조회 456,2023.06.10 15:41:29,https://gall.dcinside.com/mgallery/board/view/?id=kwangdong&no=82&page=3
다울,,다울 다울 다울,"ㅇㅇ(106.101) 2023.03.14 17:51:24
조회 237 추천 0 댓글 1",추천 0,조회 237,2023.03.14 17:51:24,https://gall.dcinside.com/mgallery/board/view/?id=kwangdong&no=81&page=3
오늘 개학식인거 같아서 꿀팁 푼다,,"한국지리<< 쌤은 괜찮은데 시험범위 고봉밥임
사문,정법<<수업 20분하고 시험개쉬움
생윤<<아재개그의 신 그자체 초반은 좀 노잼인데 그이후로 개웃김
세계사<< 다 좋은데 가끔 야마돌면 못말림 그럼 빨리 공부하는척해라
국영수<<걍 운빨 그자체 1명정상 1명또라이 근데 요즘엔 반반씩 나눠서 수업하더라? 걍 뽑기 잘하길 기도하셈

ㅎㅈㅇ<<스윗 그자체임 근데 담배걸리거나 싸가지 없게 한다? 바로 교실밖으로 내쫒고 교무실행

ㅇㅅㅎ<<<<이새끼 담임, 과목 걸렸으면 걍 ㅈ됐다고 봐야된다 작년에 이새끼가 학생들 수행평가본다고 1학기 동안 애들 발표만시키고 지는 수업안하고 넷플만보고 그 수행점수 마저도 제대로 채점 안해놓고 ㅈㄹ함 게다가 아예 수행 안본새끼들 점수도 미리 매겨놓고 수정도 안했다, 그러고서 누가 교육부에 찔렀는지 2학기엔 수업 하는데 고3들한테 한다는게 단점ㅋㅋ 그러고서 수업 안듣는다고 욕함
하지만 좋은거 딱 하나있다 바로 여미새임 자기가 좀 예쁘다 싶으면 웃으면서 잘해줘라 ㄹㅇ 바로 수행 만점준다 작년에도 그랬거든 ㅇㅇ

이과 쌤들은 몇몇 또라이 빼고 다 정상이라 안적었다 진짜 거의다 무난함","ㅇㅇ(106.243) 2023.03.02 13:10:20
조회 604 추천 0 댓글 4",추천 0,조회 604,2023.03.02 13:10:20,https://gall.dcinside.com/mgallery/board/view/?id=kwangdong&no=80&page=3
동창회,,배민으로 여러개시키면 동창회되나,"호롤로(118.235) 2023.01.24 16:12:34
조회 222 추천 0 댓글 0",추천 0,조회 222,2023.01.24 16:12:34,https://gall.dcinside.com/mgallery/board/view/?id=kwangdong&no=77&page=3
들리니 아니쥬 박,,ㅈㅇ,"깁니(61.79) 2023.01.24 16:08:21
조회 118 추천 0 댓글 0",추천 0,조회 118,2023.01.24 16:08:21,https://gall.dcinside.com/mgallery/board/view/?id=kwangdong&no=76&page=3
모고 수학 3뜨면 내신 몇 등급 뜨노?,,",.","ㅇㅇ(117.110) 2023.01.11 14:29:01
조회 254 추천 0 댓글 0",추천 0,조회 254,2023.01.11 14:29:01,https://gall.dcinside.com/mgallery/board/view/?id=kwangdong&no=75&page=3
시발들아 나 쩝곤데,,느그들 학교에서 담피는거 존나 부럽노,"ㅇㅇ(14.7) 2022.12.22 23:33:53
조회 349 추천 1 댓글 1",추천 1,조회 349,2022.12.22 23:33:53,https://gall.dcinside.com/mgallery/board/view/?id=kwangdong&no=73&page=3
광동고 내신 커트라인 150점 정도 맞노?,,.,"ㅇㅇ(117.110) 2022.12.18 22:28:47
조회 624 추천 0 댓글 1",추천 0,조회 624,2022.12.18 22:28:47,https://gall.dcinside.com/mgallery/board/view/?id=kwangdong&no=72&page=3
진접중 전교 1등 내신 196점인데,,"광동고 전교 1등 가능하노?
선행은 안 했노 이기","ㅇㅇ(117.110) 2022.12.13 23:20:09
조회 685 추천 0 댓글 6",추천 0,조회 685,2022.12.13 23:20:09,https://gall.dcinside.com/mgallery/board/view/?id=kwangdong&no=71&page=3
광동고,,광동중 애들이 많이 가노?,"ㅇㅇ(117.110) 2022.12.13 23:19:25
조회 179 추천 0 댓글 0",추천 0,조회 179,2022.12.13 23:19:25,https://gall.dcinside.com/mgallery/board/view/?id=kwangdong&no=70&page=3
광동게이들은 대학어디로가노,,?,"ㅇㅇ(106.101) 2022.11.01 23:28:49
조회 408 추천 0 댓글 1",추천 0,조회 408,2022.11.01 23:28:49,https://gall.dcinside.com/mgallery/board/view/?id=kwangdong&no=69&page=3
나 졸업생인데,,아직도 아침 조회 시간에 휴대폰 걷냐?,"ㅇㅇ(14.6) 2022.10.20 18:51:29
조회 245 추천 0 댓글 1",추천 0,조회 245,2022.10.20 18:51:29,https://gall.dcinside.com/mgallery/board/view/?id=kwangdong&no=68&page=3
광동고갤은 나 준표가 점령하겠다,,,"준표 2022.04.02 11:17:39
조회 838 추천 26 댓글 2",추천 26,조회 838,2022.04.02 11:17:39,https://gall.dcinside.com/mgallery/board/view/?id=kwangdong&no=66&page=3
광동프릭스갤러리 갈려다 자꾸 여기들어오니까 갤지워라,,경고했다,"ㅇㅇ(211.208) 2022.03.10 09:58:13
조회 340 추천 8 댓글 0",추천 8,조회 340,2022.03.10 09:58:13,https://gall.dcinside.com/mgallery/board/view/?id=kwangdong&no=65&page=3
광동고 공부 왜이렇게 못하냐?,,나 1학년 전교1등인데 공부좆도안함ㅋㅋ,"준표 2022.02.07 02:22:41
조회 746 추천 2 댓글 5",추천 2,조회 746,2022.02.07 02:22:41,https://gall.dcinside.com/mgallery/board/view/?id=kwangdong&no=64&page=3
여긴 이제 광동 프릭스 갤러리다,,ㅇ,"Argentina 2021.12.21 13:29:47
조회 919 추천 22 댓글 0",추천 22,조회 919,2021.12.21 13:29:47,https://gall.dcinside.com/mgallery/board/view/?id=kwangdong&no=63&page=3
광동고 게이들아 ㅋㅋ,,"비만갤 가보셈 ㅋㅋ
- dc official App","ㅇㅇㅇ 2021.09.10 21:49:24
조회 485 추천 0 댓글 2",추천 0,조회 485,2021.09.10 21:49:24,https://gall.dcinside.com/mgallery/board/view/?id=kwangdong&no=62&page=3
졸업생 틀딱인데,,"광동갤이있노ㅋㅋㅋ
- dc official App","ㅇㅇ(112.161) 2021.09.10 16:22:16
조회 378 추천 0 댓글 2",추천 0,조회 378,2021.09.10 16:22:16,https://gall.dcinside.com/mgallery/board/view/?id=kwangdong&no=61&page=3
광동고 갤이 왜 있는거냐 ㅋㅋ,,"헬스나 하자
- dc official App","광동모닝헬스(121.88) 2021.07.14 11:46:10
조회 589 추천 0 댓글 3",추천 0,조회 589,2021.07.14 11:46:10,https://gall.dcinside.com/mgallery/board/view/?id=kwangdong&no=60&page=3
나 3학년인데ㅡ나보다 마크 주민소리 잘내는새끼 있으면 나와봐라 ㅋㅋ,,ㅋㅋ 있냐.,"3학년 주민(222.120) 2021.06.25 10:16:37
조회 723 추천 34 댓글 2",추천 34,조회 723,2021.06.25 10:16:37,https://gall.dcinside.com/mgallery/board/view/?id=kwangdong&no=59&page=3
발곡고인데한번와봄,,ㅎㅇ,"ㅇㅇ(115.143) 2021.04.11 23:33:46
조회 366 추천 0 댓글 1",추천 0,조회 366,2021.04.11 23:33:46,https://gall.dcinside.com/mgallery/board/view/?id=kwangdong&no=57&page=3
애옹,,,"애옹쓰 2020.11.22 18:02:44
조회 168 추천 0 댓글 0",추천 0,조회 168,2020.11.22 18:02:44,https://gall.dcinside.com/mgallery/board/view/?id=kwangdong&no=55&page=3
남양주 광동고노?,,?,"ㅇㅇ(121.164) 2020.04.09 12:57:01
조회 451 추천 0 댓글 0",추천 0,조회 451,2020.04.09 12:57:01,https://gall.dcinside.com/mgallery/board/view/?id=kwangdong&no=53&page=3
현 광동고 1짱인데요,,"광동고등학교 3학년 11반 김명현이라고 있는데
진짜 쌔거든요?
궁금하면 와서 둘이서 맞짱 떠주세요","정명철(118.33) 2019.12.27 00:01:42
조회 653 추천 0 댓글 4",추천 0,조회 653,2019.12.27 00:01:42,https://gall.dcinside.com/mgallery/board/view/?id=kwangdong&no=49&page=3
팡동고게이 아무도 없노,,,"ㅇㅇ(223.62) 2019.11.03 15:28:18
조회 268 추천 0 댓글 0",추천 0,조회 268,2019.11.03 15:28:18,https://gall.dcinside.com/mgallery/board/view/?id=kwangdong&no=43&page=4
지역이 어디임,,남양주? 의정부?,"ㅂㅂ(106.101) 2019.08.30 12:48:37
조회 590 추천 2 댓글 8",추천 2,조회 590,2019.08.30 12:48:37,https://gall.dcinside.com/mgallery/board/view/?id=kwangdong&no=39&page=4
광동고 갤러리가 있노 씹 ㅋㅋㅋ,,우리 게이들 몇학년 누군지 이름대라 이기,"ㅇㅇ(125.177) 2019.08.23 00:15:41
조회 283 추천 0 댓글 0",추천 0,조회 283,2019.08.23 00:15:41,https://gall.dcinside.com/mgallery/board/view/?id=kwangdong&no=38&page=4
갤주 뭐하냐,,"갤기장되버렸노 저거 삭제해라
- dc official App","ㅇㅇ(115.92) 2019.04.03 10:37:17
조회 121 추천 0 댓글 0",추천 0,조회 121,2019.04.03 10:37:17,https://gall.dcinside.com/mgallery/board/view/?id=kwangdong&no=37&page=4
자동차를 가지고 있던 나는 내가 원하는 게 하나 모두 마음에 들게다요,,"이승기 수지 배가본드 배수지 승기
V9c9cㅇㄷㄴㅌㄴ덛즈증","ㅇㅇ(223.62) 2019.03.27 20:27:38
조회 84 추천 0 댓글 0",추천 0,조회 84,2019.03.27 20:27:38,https://gall.dcinside.com/mgallery/board/view/?id=kwangdong&no=36&page=4
소고기 미역국 맛있다ㄱ그스늬,,"이승기 수지 배가본드 배수지 승기
V9c9cㅇㄷㄴㅌㄴ덛ㅡㄱㅣㅡㅇ","ㅇㅇ(223.62) 2019.03.27 20:27:23
조회 80 추천 0 댓글 0",추천 0,조회 80,2019.03.27 20:27:23,https://gall.dcinside.com/mgallery/board/view/?id=kwangdong&no=35&page=4
라면 맛있게 먹고 싶은 마음 먹고 있어스ㅡㅎ,,"이승기 수지 배가본드 배수지 승기
V9c9cㅇㄷㄴㅌㄴ덛ㅡ읏ㄴ","ㅇㅇ(223.62) 2019.03.27 20:27:09
조회 88 추천 0 댓글 0",추천 0,조회 88,2019.03.27 20:27:09,https://gall.dcinside.com/mgallery/board/view/?id=kwangdong&no=34&page=4
저녁은 국수먹고왔다 개꿀맛ㅇㅇ너도먹어ㄱㄷㄱ,,"이승기 수지 배가본드 배수지 승기
V9c9cㅇㄷㄴㅌㄴ덛ㅡㄱㄷㅇ","ㅇㅇ(223.39) 2019.03.27 20:23:15
조회 74 추천 0 댓글 0",추천 0,조회 74,2019.03.27 20:23:15,https://gall.dcinside.com/mgallery/board/view/?id=kwangdong&no=33&page=4
전동킥보드는 면허필요함???ㅅ듷,,"이승기 수지 배가본드 배수지 승기
V9c9cㅇㄷㄴㅌㄴ덛ㅇㆍㅅㄴ","ㅇㅇ(223.39) 2019.03.27 20:23:03
조회 121 추천 0 댓글 3",추천 0,조회 121,2019.03.27 20:23:03,https://gall.dcinside.com/mgallery/board/view/?id=kwangdong&no=32&page=4
수영 배울까 힘들겟지?그ㄴㄷ늑,,"이승기 수지 배가본드 배수지 승기
V9c9cㅇㄷㄴㅌㄴ덛브브ㅡㅂ","ㅇㅇ(223.39) 2019.03.27 20:22:48
조회 75 추천 0 댓글 0",추천 0,조회 75,2019.03.27 20:22:48,https://gall.dcinside.com/mgallery/board/view/?id=kwangdong&no=31&page=4
우리 할머니 어제 죽었는데긔ㅢ원래,,"이승기 수지 배가본드 배수지 승기
V9c9cㅇㄷㄴㅌㄴ덛조으ㅇ드응","ㅇㅇ(223.39) 2019.03.27 20:22:34
조회 161 추천 0 댓글 0",추천 0,조회 161,2019.03.27 20:22:34,https://gall.dcinside.com/mgallery/board/view/?id=kwangdong&no=30&page=4
기존 아파트에 비해 상대적으로 저렴한 ㅇㄷㄱㄷㅅㄷ,,"이승기 수지 배가본드 배수지 승기
V9c9cㅇㄷㄴㅌㄴ덛ㅇㅈㅅㅊㅅ","ㅇㅇ(223.39) 2019.03.27 20:22:15
조회 88 추천 0 댓글 0",추천 0,조회 88,2019.03.27 20:22:15,https://gall.dcinside.com/mgallery/board/view/?id=kwangdong&no=29&page=4
요금 할인을 하고 있습니다 정말 많이 사랑해주세스ㅡㅅ,,"이승기 수지 배가본드 배수지 승기
V9c9cㅇㄷㄴㅌㄴ덛그","ㅇㅇ(223.39) 2019.03.27 20:20:18
조회 71 추천 0 댓글 0",추천 0,조회 71,2019.03.27 20:20:18,https://gall.dcinside.com/mgallery/board/view/?id=kwangdong&no=28&page=4
노스페이스 이젠 안입냐한국서ㄱㆍ지,,"이승기 수지 배가본드 배수지 승기
V9c9cㅇㄷㄴㅌㄴ덛","ㅇㅇ(223.33) 2019.03.27 20:19:46
조회 179 추천 0 댓글 0",추천 0,조회 179,2019.03.27 20:19:46,https://gall.dcinside.com/mgallery/board/view/?id=kwangdong&no=27&page=4
보통 똥참자ㄱㄷㄱㄷㅅㄷㅅㄷㅅ슷ㅈ,,"이승기 수지 배가본드 배수지 승기
V9c9cㅇㄷㄴㅌㄴ덛ㅇㆍㅅㆍㄴㅅ","ㅇㅇ(223.33) 2019.03.27 20:19:25
조회 92 추천 0 댓글 0",추천 0,조회 92,2019.03.27 20:19:25,https://gall.dcinside.com/mgallery/board/view/?id=kwangdong&no=26&page=4
노스페이스 이젠 안입냐한국서ㅡㅇ슷,,"이승기 수지 배가본드 배수지 승기
V9c9cㅇㄷㄴㅌㄴ덛읏ㄷㅂㄷ","ㅇㅇ(223.33) 2019.03.27 20:19:10
조회 53 추천 0 댓글 0",추천 0,조회 53,2019.03.27 20:19:10,https://gall.dcinside.com/mgallery/board/view/?id=kwangdong&no=25&page=4
미국이 전쟁일으켯다는데 맞아? 6.25?ㅂ스,,"이승기 수지 배가본드 배수지 승기
V9c9cㅇㄷㄴㅌㄴ덛조ㅡㅇ","ㅇㅇ(223.33) 2019.03.27 20:18:56
조회 66 추천 0 댓글 0",추천 0,조회 66,2019.03.27 20:18:56,https://gall.dcinside.com/mgallery/board/view/?id=kwangdong&no=24&page=4
요금 할인을 하고 있습니다 정말 많이 사랑해주세브,,"이승기 수지 배가본드 배수지 승기
V9c9cㅇㄷㄴㅌㄴ덛조응","ㅇㅇ(223.33) 2019.03.27 20:18:43
조회 67 추천 0 댓글 0",추천 0,조회 67,2019.03.27 20:18:43,https://gall.dcinside.com/mgallery/board/view/?id=kwangdong&no=23&page=4
오늘 고깃집서 혼밥하는데 다쳐다봄ㅇㄷ응ㄴ스슷ㄱㄷ그,,"이승기 수지 배가본드 배수지 승기
V9c9cㅇㄷㄴㅌㄴ덛ㅂ기ㅡㄷㅈㅇㅅㄴ","ㅇㅇ(223.39) 2019.03.27 20:17:55
조회 89 추천 0 댓글 0",추천 0,조회 89,2019.03.27 20:17:55,https://gall.dcinside.com/mgallery/board/view/?id=kwangdong&no=22&page=4
오늘 고깃집서 혼밥하는데 다쳐다봄ㅇㄷ응ㅅㄷㄱ,,"이승기 수지 배가본드 배수지 승기
V9c9cㅇㄷㄴㅌㄴ덛ㅂㄷㅈㅇㄷ","ㅇㅇ(223.39) 2019.03.27 20:17:38
조회 69 추천 0 댓글 0",추천 0,조회 69,2019.03.27 20:17:38,https://gall.dcinside.com/mgallery/board/view/?id=kwangdong&no=21&page=4
도대체 왜 도서관에서 짜장면시켜머거?으스,,"이승기 수지 배가본드 배수지 승기
V9c9cㅇㄷㄴㅌㄴ덛ㅇㆍㅂㄴ","ㅇㅇ(223.39) 2019.03.27 20:17:22
조회 65 추천 0 댓글 0",추천 0,조회 65,2019.03.27 20:17:22,https://gall.dcinside.com/mgallery/board/view/?id=kwangdong&no=20&page=4
디지몬게임 아냐?ㅅㄱㄷ,,"이승기 수지 배가본드 배수지 승기
V9c9cㅇㄷㄴㅌㄴ덛ㄱㅌㅇㄷㅅ","ㅇㅇ(223.39) 2019.03.27 20:17:09
조회 46 추천 0 댓글 0",추천 0,조회 46,2019.03.27 20:17:09,https://gall.dcinside.com/mgallery/board/view/?id=kwangdong&no=19&page=4
지금 레전드 스시녀 bj히카리 복귀방송중 ㄷㄷ으,,"이승기 수지 배가본드 배수지 승기
V9c9cㅇㄷㄴㅌㄴ덛조으","ㅇㅇ(223.39) 2019.03.27 20:16:51
조회 115 추천 0 댓글 0",추천 0,조회 115,2019.03.27 20:16:51,https://gall.dcinside.com/mgallery/board/view/?id=kwangdong&no=18&page=4
비록 비싼 비타민 가격이 너무 비싸 정말 많이 으,,"이승기 수지 배가본드 배수지 승기
V9c9cㅇㄷㄴㅌㄴ덛ㅣ칟ㅇ","ㅇㅇ(223.39) 2019.03.27 20:16:40
조회 65 추천 0 댓글 0",추천 0,조회 65,2019.03.27 20:16:40,https://gall.dcinside.com/mgallery/board/view/?id=kwangdong&no=17&page=4
비빔국수 황금레시피 아냐스ㅡㅅㄱ,,"이승기 수지 배가본드 배수지 승기
V9c9cㅇㄷㄴㅌㄴ덛ㅇㄷㅈㄱ지","ㅇㅇ(223.39) 2019.03.27 20:16:29
조회 63 추천 0 댓글 0",추천 0,조회 63,2019.03.27 20:16:29,https://gall.dcinside.com/mgallery/board/view/?id=kwangdong&no=16&page=4
ㄱㅏ족 여행 추천 한다 가라 ㅂㅇㄷ슷,,"이승기 수지 배가본드 배수지 승기
V9c9cㅇㄷㄴㅌㄴ덛브ㅡㅇ","ㅇㅇ(223.39) 2019.03.27 20:15:49
조회 51 추천 0 댓글 0",추천 0,조회 51,2019.03.27 20:15:49,https://gall.dcinside.com/mgallery/board/view/?id=kwangdong&no=15&page=4
가족 여행을 다녀온 후 다시 한번 가보고 싶은 마음이으스,,"이승기 수지 배가본드 배수지 승기
V9c9cㅇㄷㄴㅌㄴ덛ㅡㅇㅡㅅㅃ","ㅇㅇ(223.39) 2019.03.27 20:15:38
조회 54 추천 0 댓글 0",추천 0,조회 54,2019.03.27 20:15:38,https://gall.dcinside.com/mgallery/board/view/?id=kwangdong&no=14&page=4
라면 맛있게 먹고 싶은 마음 먹고 있어ㄴ듯,,"이승기 수지 배가본드 배수지 승기
V9c9cㅇㄷㄴㅌㄴ덛ㅂㄷㅂ등","ㅇㅇ(223.39) 2019.03.27 20:15:20
조회 75 추천 0 댓글 0",추천 0,조회 75,2019.03.27 20:15:20,https://gall.dcinside.com/mgallery/board/view/?id=kwangdong&no=13&page=4
라면 맛있게 먹고 싶은 마음 먹고 있어깁ㅇ,,"이승기 수지 배가본드 배수지 승기
V9c9cㅇㄷㄴㅌㄴ덛으스ㅡ슷","ㅇㅇ(223.39) 2019.03.27 20:15:04
조회 131 추천 0 댓글 0",추천 0,조회 131,2019.03.27 20:15:04,https://gall.dcinside.com/mgallery/board/view/?id=kwangdong&no=12&page=4
배달 서비스 좋냐요즘깃ㄷ,,"이승기 수지 배가본드 배수지 승기
V9c9cㅇㄷㄴㅌㄴ덛ㅇㄷㅇㄷㅇㄷㅅ","ㅇㅇ(223.39) 2019.03.27 20:14:51
조회 51 추천 0 댓글 0",추천 0,조회 51,2019.03.27 20:14:51,https://gall.dcinside.com/mgallery/board/view/?id=kwangdong&no=11&page=4
자동차를 가지고 있던 나는 내가 원하는 게 하나 모두 마음에 들게 된다,,"이승기 수지 배가본드 배수지 승기
V9c9cㅇㄷㄴㅌㄴ덛ㅇㆍㅇㆍㅅㄴ","ㅇㅇ(223.39) 2019.03.27 20:14:32
조회 54 추천 0 댓글 0",추천 0,조회 54,2019.03.27 20:14:32,https://gall.dcinside.com/mgallery/board/view/?id=kwangdong&no=10&page=4
자동차를 가지고 있던 나는 내가 원하는 게 하나 모두 마음에 들게다 ㄱㄱ,,"이승기 수지 배가본드 배수지 승기
V9c9cㅇㄷㄴㅌㄴ덛ㅇㅌㅅ","ㅇㅇ(223.39) 2019.03.27 20:14:25
조회 54 추천 0 댓글 0",추천 0,조회 54,2019.03.27 20:14:25,https://gall.dcinside.com/mgallery/board/view/?id=kwangdong&no=9&page=4
공부좀 해라 게이들아,,"1학년때부터 수시 챙기고 3학년이라 늦었다 싶으면 정시공부라도 해라
정시파이터 ㅈㄹ하는놈들중에 공부하는새끼를 못봤다
여기 수시도 좋고 농어촌정시도 되는데 십 공부만하면 서강 한양까진 잘뚫는데 공부를 왜 안하냐","ㅇㅇ(117.111) 2019.02.28 12:08:01
조회 268 추천 0 댓글 3",추천 0,조회 268,2019.02.28 12:08:01,https://gall.dcinside.com/mgallery/board/view/?id=kwangdong&no=8&page=4
광동게이가 이리 없노 ㅅ..ㅂ,,혹시라도 어쩌다 들어왔으면 윾동으로라도 글한번 쓰고 가라 .ㅇㅇ...;;,"mm1(125.177) 2019.02.28 03:49:17
조회 124 추천 0 댓글 0",추천 0,조회 124,2019.02.28 03:49:17,https://gall.dcinside.com/mgallery/board/view/?id=kwangdong&no=7&page=4
이갤 뭔데,,ㅋㅋㅋ,"ㅇㅇ(125.177) 2019.02.24 15:56:28
조회 73 추천 0 댓글 0",추천 0,조회 73,2019.02.24 15:56:28,https://gall.dcinside.com/mgallery/board/view/?id=kwangdong&no=6&page=4
광동고 게이들 글 왜 안쓰노,,ㅎㅇ,"럽갤러(126.72) 2018.11.21 18:09:11
조회 296 추천 0 댓글 1",추천 0,조회 296,2018.11.21 18:09:11,https://gall.dcinside.com/mgallery/board/view/?id=kwangdong&no=1&page=4
