﻿제목,말머리,내용,글쓴이,추천수,조회수,날짜,링크
여기 분위기 어떤가요,,희망학교 써야하는데 분위기가 어떤지 모르겠어요,"백갤러(220.74) 2025.05.27 22:45:31
조회 59 추천 0 댓글 1",추천 0,조회 59,2025.05.27 22:45:31,https://gall.dcinside.com/mini/board/view/?id=phsfanclub&no=248&page=1
백운고 노브라 유출 ㄷㄷ ㄹㅈㄷ;;,,- dc official App,"ㅇㅇ(175.116) 2025.05.03 15:05:02
조회 180 추천 1 댓글 0",추천 1,조회 180,2025.05.03 15:05:02,https://gall.dcinside.com/mini/board/view/?id=phsfanclub&no=247&page=1
님들아 나 심심함,,놀아줘,"ㅇㅈㅅㅇ(211.118) 2025.03.09 23:48:18
조회 103 추천 0 댓글 0",추천 0,조회 103,2025.03.09 23:48:18,https://gall.dcinside.com/mini/board/view/?id=phsfanclub&no=246&page=1
백운고 2학년 ㄱㄷㅎ,,ㅇㅅㄲ 만나면 명존쎄 ㄱㄱ,"ㅇㅈㅅㅇ(211.118) 2025.03.09 23:45:44
조회 165 추천 0 댓글 2",추천 0,조회 165,2025.03.09 23:45:44,https://gall.dcinside.com/mini/board/view/?id=phsfanclub&no=245&page=1
ㅎㅇ,,ㅎㅇ,"0126h 2025.01.27 04:22:57
조회 77 추천 1 댓글 1",추천 1,조회 77,2025.01.27 04:22:57,https://gall.dcinside.com/mini/board/view/?id=phsfanclub&no=243&page=1
개미는 개미인데 아픈 개미는?,,느개미다 시발럼아 나 음민호다 ㅈ같으면 ㅆㅈ들어와라,"백갤러(182.225) 2025.01.23 02:01:12
조회 96 추천 0 댓글 4",추천 0,조회 96,2025.01.23 02:01:12,https://gall.dcinside.com/mini/board/view/?id=phsfanclub&no=242&page=1
오시온선생님 사랑합니다.,,"오시온선생님 사랑합니다.
학생들에게 진법변환을 알려주실 때 하나하나 자세하게 설명하시고 진법변환을 모르는 친구들에게  친절하게 설명해주셔서 감사합니다.
저도 진법변환이라는 걸 몰랐는데 오시온선생님때문에 진법변환의 개념을 알았습니다.
수업시간에 오시온선생님께서 학생들에게 진법변환을 친절하게 알려주시고 10진수를 2진수로 변환할때 왜 이렇게 되는지 증명도 해주셔서 너무 감동받았습니다.
저는 오시온 선생님한테 정보과학이랑 정보윤리랑 진법변환(10진수에서 2진수로 변환하는 방법,2진수에서 10진수로 변환하는 방법, 2진수에서 8지수로 변환하는 방법,8진수에서 2진수로 변환하는 방법, 2진수에서 8진수로 변환하는 방법,
8진수에서 2진수로 변환하는 방법, 8진수에서 16진수로 변환하는 방법
16진수에서 8진수로 변환하는 방법)의 개념을 배웠습니다.
오시온선생님때문에 정보과학이랑 정보윤리랑 진법변환의 개념및 활용을 알았습니다.
오시온선생님이 진법변환수업을 해주실때 이해가 잘되고 머리속에 기억이 남습니다.
오시온 선생님 사랑합니다.","백갤러(58.29) 2025.01.05 13:50:40
조회 89 추천 0 댓글 1",추천 0,조회 89,2025.01.05 13:50:40,https://gall.dcinside.com/mini/board/view/?id=phsfanclub&no=240&page=1
아아아어어,,- dc official App,"ㅇㅇ(211.234) 2025.01.04 18:15:22
조회 30 추천 0 댓글 0",추천 0,조회 30,2025.01.04 18:15:22,https://gall.dcinside.com/mini/board/view/?id=phsfanclub&no=238&page=1
백운고 03년생들아 올해는 꼭 잘해서 뜨거라,,"ㅇㅇ
- dc official App","03백붕(118.235) 2024.11.10 15:24:48
조회 132 추천 0 댓글 2",추천 0,조회 132,2024.11.10 15:24:48,https://gall.dcinside.com/mini/board/view/?id=phsfanclub&no=237&page=1
님들은 진지하게 육사 붙으면 갈거임?,,생각 좀 들어볼게요,"ㅇㅇ(223.38) 2024.11.06 12:16:24
조회 88 추천 0 댓글 1",추천 0,조회 88,2024.11.06 12:16:24,https://gall.dcinside.com/mini/board/view/?id=phsfanclub&no=235&page=1
갈뫼중 역사상 최고 GOAT,,"https://youtube.com/v/BGpzDoKupoM?si=5SFDHSy59n9rXpCY
 JS music
체육시간 활용 높은 음악 4*8카운트 총 5개BPM 115멋진 체육수업되세요!
youtube.com

이 브금을 들으면 심장이 다시 뜁니다..
그립읍니다.. GOAT.","백갤러(212.102) 2024.09.15 20:48:55
조회 213 추천 5 댓글 0",추천 5,조회 213,2024.09.15 20:48:55,https://gall.dcinside.com/mini/board/view/?id=phsfanclub&no=233&page=1
나 권순존데,,다 싸지까자 싸워서 다 이길 자신있다 첫번째 상대로 김나경 부른다,"백갤러(182.225) 2024.08.10 22:16:34
조회 108 추천 0 댓글 1",추천 0,조회 108,2024.08.10 22:16:34,https://gall.dcinside.com/mini/board/view/?id=phsfanclub&no=232&page=1
나 강준서인데,,개학하면 서열 정리 한다,"백갤러(182.225) 2024.08.10 22:11:00
조회 96 추천 0 댓글 0",추천 0,조회 96,2024.08.10 22:11:00,https://gall.dcinside.com/mini/board/view/?id=phsfanclub&no=231&page=1
나 파란정수인데,,필요한 새끼들 연락해라 무한으로 채워준다,"백갤러(182.225) 2024.08.10 22:10:13
조회 65 추천 1 댓글 1",추천 1,조회 65,2024.08.10 22:10:13,https://gall.dcinside.com/mini/board/view/?id=phsfanclub&no=230&page=1
ㅇ,,ㅇ,"백갤러(211.36) 2024.08.07 19:08:22
조회 30 추천 0 댓글 0",추천 0,조회 30,2024.08.07 19:08:22,https://gall.dcinside.com/mini/board/view/?id=phsfanclub&no=229&page=1
ㅇ,,ㅇ,"백갤러(117.111) 2024.08.07 19:07:56
조회 14 추천 0 댓글 0",추천 0,조회 14,2024.08.07 19:07:56,https://gall.dcinside.com/mini/board/view/?id=phsfanclub&no=228&page=1
민호 까불랑재끼네,,함 잡힐래,"백갤러(211.36) 2024.07.20 08:55:52
조회 98 추천 0 댓글 1",추천 0,조회 98,2024.07.20 08:55:52,https://gall.dcinside.com/mini/board/view/?id=phsfanclub&no=227&page=1
나 민혼데,,나 잡는 새끼 전재산 35만원 준다 니네 빽 다부르고 덤벼 진짜 신고 안할테니까 대신 나도 빽부른다,"백갤러(182.225) 2024.07.19 15:30:27
조회 58 추천 0 댓글 0",추천 0,조회 58,2024.07.19 15:30:27,https://gall.dcinside.com/mini/board/view/?id=phsfanclub&no=226&page=1
음민혼데,,추가로 내여자 내가 지킨다 백운 커플 조심해라 곧 너네 나때문에 깨진다,"백갤러(182.225) 2024.07.19 15:23:32
조회 135 추천 0 댓글 0",추천 0,조회 135,2024.07.19 15:23:32,https://gall.dcinside.com/mini/board/view/?id=phsfanclub&no=225&page=1
1학년대장,,나 1학년 대장 음민혼데 최근에 픽시 뺏겻거든 예민하니까 건들지마라 건들면 학폭 빤다,"백갤러(182.225) 2024.07.19 15:18:07
조회 158 추천 0 댓글 4",추천 0,조회 158,2024.07.19 15:18:07,https://gall.dcinside.com/mini/board/view/?id=phsfanclub&no=224&page=1
야이씨발련들아 나 동안고 원동민이다,,"백운고 1학년6반 씨발새끼들아 싸지 함 뜨자보지털도 못 추리게 만들어줄게 이개씨발푸씨들아
7월19일에 바이크 탄 나시보면 난줄 알아라","백갤러(125.178) 2024.07.15 00:57:17
조회 157 추천 2 댓글 1",추천 2,조회 157,2024.07.15 00:57:17,https://gall.dcinside.com/mini/board/view/?id=phsfanclub&no=223&page=1
백운고 브롤 유저 봐라,,백운고 클럽에 상남자의 자질이라는 닉달고 브롤볼 크로우들고 5800딜 쳐 넣는 고@r유저는 자진해서 운지하세요,"ㅇㅇ(119.193) 2024.07.09 12:03:29
조회 78 추천 0 댓글 0",추천 0,조회 78,2024.07.09 12:03:29,https://gall.dcinside.com/mini/board/view/?id=phsfanclub&no=222&page=1
집가고싶다,,- dc official App,"바른공부전용자습관 2024.05.31 18:37:31
조회 56 추천 0 댓글 0",추천 0,조회 56,2024.05.31 18:37:31,https://gall.dcinside.com/mini/board/view/?id=phsfanclub&no=220&page=1
10출 300환 개꿀이다 친구포10콩 꽁짱,,,"백갤러(193.36) 2024.05.30 21:59:41
조회 71 추천 0 댓글 0",추천 0,조회 71,2024.05.30 21:59:41,https://gall.dcinside.com/mini/board/view/?id=phsfanclub&no=219&page=1
어 나 졸업생인데,,"예아
- dc official App","바른공부전용자습관 2024.04.27 09:39:07
조회 92 추천 0 댓글 0",추천 0,조회 92,2024.04.27 09:39:07,https://gall.dcinside.com/mini/board/view/?id=phsfanclub&no=217&page=1
신입 백붕이들에게 한마디,,"여기가 내신 그나마 쉽다고 말 들어서 왔을거임
근데 결국 공부는 결국 자신과의 싸움이라
본인처럼 탭 받고 갤질이나 하고 있으면 공부 망하는 거임
공부 습관은 중학교에서 크게 변하지 않을 거고
결국 2년뒤에는 후회만 남고 본인처럼 정시전사나 하고 있을거임
아무튼 이렇게 안되려면 마음 독하게 먹고
탭으로 디시 보지 마셈
이상","ㅇㅇ(61.77) 2024.03.04 13:00:07
조회 77 추천 1 댓글 0",추천 1,조회 77,2024.03.04 13:00:07,https://gall.dcinside.com/mini/board/view/?id=phsfanclub&no=216&page=1
본사람 댓글좀 달아주세요형들…,,- dc official App,"ㅇㅇ(211.234) 2024.01.30 22:21:27
조회 77 추천 0 댓글 1",추천 0,조회 77,2024.01.30 22:21:27,https://gall.dcinside.com/mini/board/view/?id=phsfanclub&no=215&page=1
08인데 안녕하세요 형들,,- dc official App,"ㅇㅇ(180.69) 2024.01.28 04:05:44
조회 109 추천 0 댓글 0",추천 0,조회 109,2024.01.28 04:05:44,https://gall.dcinside.com/mini/board/view/?id=phsfanclub&no=214&page=1
여기 이제 아무도 안들어오는구나,,ㅋㅋ,"닉네임뭐하노 2023.02.24 15:45:26
조회 193 추천 0 댓글 2",추천 0,조회 193,2023.02.24 15:45:26,https://gall.dcinside.com/mini/board/view/?id=phsfanclub&no=209&page=1
신입생 백붕이들아 반갑다,,다른 건 다 괜찮은데 4층 복도에서 좀만 조용히 해라,"ㅇㅇ(223.38) 2023.02.22 13:28:48
조회 84 추천 1 댓글 0",추천 1,조회 84,2023.02.22 13:28:48,https://gall.dcinside.com/mini/board/view/?id=phsfanclub&no=208&page=1
고2 11모 고등학교 순위떴다,,"경기도내 고2 11모 순위
우성 49 백운 167위 모락 233위","ㅇㅇ(223.38) 2023.02.19 13:47:06
조회 518 추천 0 댓글 0",추천 0,조회 518,2023.02.19 13:47:06,https://gall.dcinside.com/mini/board/view/?id=phsfanclub&no=206&page=1
후배들 새해복 많이받고 힘내라,,"난 먼저 신촌으로 간다 ㅋㅋㅋ
사랑한다 연세~","ㅇㅇ(1.241) 2023.01.01 00:07:40
조회 41 추천 0 댓글 0",추천 0,조회 41,2023.01.01 00:07:40,https://gall.dcinside.com/mini/board/view/?id=phsfanclub&no=205&page=1
[ Fare well ],,모두 고생했고 좋은결과 있길바란다.,"ㅇㅇ(14.4) 2022.11.17 06:07:00
조회 49 추천 0 댓글 0",추천 0,조회 49,2022.11.17 06:07:00,https://gall.dcinside.com/mini/board/view/?id=phsfanclub&no=204&page=1
나다,,내일 잘봐라 우흥/,"닉네임뭐하노 2022.11.16 21:44:00
조회 75 추천 0 댓글 1",추천 0,조회 75,2022.11.16 21:44:00,https://gall.dcinside.com/mini/board/view/?id=phsfanclub&no=203&page=1
"""폭 풍 전 야""",,"니들이 잘 못볼지 내가 잘 볼지는 정해져있다.
들어와라 2023 대학수학능력시험.","ㅇㅇ(1.241) 2022.11.16 14:19:38
조회 37 추천 0 댓글 0",추천 0,조회 37,2022.11.16 14:19:38,https://gall.dcinside.com/mini/board/view/?id=phsfanclub&no=202&page=1
"""미래는 정해져있어... 운명이란 바꿀수없는것이야..""",,,"ㅇㅇ(14.4) 2022.11.14 15:56:51
조회 59 추천 0 댓글 0",추천 0,조회 59,2022.11.14 15:56:51,https://gall.dcinside.com/mini/board/view/?id=phsfanclub&no=201&page=1
[이순신의 마음가짐으로],,"必死則生 (필사즉생)
반드시 죽으려 하는 자는 살고
幸生則死 (행생즉사)
요행히 살고자 하는 자는 죽을 것이다","ㅇㅇ(14.4) 2022.11.13 19:44:00
조회 28 추천 1 댓글 0",추천 1,조회 28,2022.11.13 19:44:00,https://gall.dcinside.com/mini/board/view/?id=phsfanclub&no=200&page=1
???: 노력하지않은 죄,,"노력하지 않은죄..

하염없이 시간을 흘려보낸죄..

자신을 돌아보지 않은 죄...

너 자신을 나태하게 놔둔 죄....


































땅 땅
























"" 재 수 ""","ㅇㅇ(14.4) 2022.11.12 18:00:46
조회 42 추천 1 댓글 0",추천 1,조회 42,2022.11.12 18:00:46,https://gall.dcinside.com/mini/board/view/?id=phsfanclub&no=199&page=1
"""도라에몽... 시간을.. 되돌려줘""",,"""
""나 돌아갈래.....""





















나돌아갈래!!!!!!!!!!!!!!!!!","ㅇㅇ(14.4) 2022.11.12 17:55:26
조회 70 추천 1 댓글 0",추천 1,조회 70,2022.11.12 17:55:26,https://gall.dcinside.com/mini/board/view/?id=phsfanclub&no=198&page=1
"""5일""",,"5일 , 120시간, 7200분 , 452000초 

"" 중요한건 꺾이지않는 마음""","ㅇㅇ(14.4) 2022.11.12 12:41:13
조회 31 추천 0 댓글 0",추천 0,조회 31,2022.11.12 12:41:13,https://gall.dcinside.com/mini/board/view/?id=phsfanclub&no=197&page=1
???: 우리 1년 더한다,,,"ㅇㅇ(14.4) 2022.11.11 13:57:15
조회 63 추천 0 댓글 0",추천 0,조회 63,2022.11.11 13:57:15,https://gall.dcinside.com/mini/board/view/?id=phsfanclub&no=196&page=1
"""그러나 꺾이지 않는것은 없기에...""",,.... d-6,"ㅇㅇ(14.4) 2022.11.11 13:33:11
조회 27 추천 0 댓글 0",추천 0,조회 27,2022.11.11 13:33:11,https://gall.dcinside.com/mini/board/view/?id=phsfanclub&no=195&page=1
""" 중요한건 꺾이지않는 마음""",,D-7,"ㅇㅇ(14.4) 2022.11.10 20:44:56
조회 30 추천 0 댓글 0",추천 0,조회 30,2022.11.10 20:44:56,https://gall.dcinside.com/mini/board/view/?id=phsfanclub&no=194&page=1
"""중요한건 꺽이지 않는 마음""",,D-9,"ㅇㅇ(14.4) 2022.11.08 19:30:02
조회 39 추천 1 댓글 0",추천 1,조회 39,2022.11.08 19:30:02,https://gall.dcinside.com/mini/board/view/?id=phsfanclub&no=193&page=1
수능 공부법 공유한다.,,"일단 수특 수완-> 여기서 나오는문제가 수능에 나올확률? ㅈ도없음 바로 째기셈
문학 연계는 허수들만 신경쓰는 부분이므로 가볍게 넘어가셈

기출풀이-> 기출문제? 수능에 절대안나옴 그러므로 기출 문제풀이도 할필요가 없다.

자그러면 뭘 공부해야 하냐 답은정해져있다.  니가 꼴리는걸 해라. 사람은 본래 자신이 하고싶은것을 할때 가장큰 효율을 낼수있는 동물이다.
그러므로 나는 롤을 하러가겠다. 그럼 20000","ㅇㅇ(14.4) 2022.10.28 21:54:55
조회 88 추천 1 댓글 0",추천 1,조회 88,2022.10.28 21:54:55,https://gall.dcinside.com/mini/board/view/?id=phsfanclub&no=192&page=1
모의고사&학교 내신 성적표 수정,,"https://open.kakao.com/o/sj9T07Ie
모의고사
open.kakao.com
*2022년 3월,6월,9월 모의고사 성적표 양식 판매합니다.(2022년 11월 모의고사 양식도 미리 대비해서 보내드립니다.)



*학교 내신 성적표 수정도 받고 있습니다.


*가격은 10000원 입니다.

*이름이랑 원하시는 성적 있으시면 반영해서 수정해드립니다.

*수정할수 있는 한글파일로 보내드리니 걱정하지 않으셔도 됩니다.

*본 양식은 동기부여용/자기자극용/부모님설득 등 건전한 곳에 사용될 용도로 공유 중입니다.(불건전한 곳에 사용의 책임은
구매자에게 있습니다.)
*거래 진행방식- 대화방에 입장하셔서 원하시는 성적과 이름 혹은 양식만을 원한다 등의 요청사항을 말씀해주시고

*계좌번호로 입금된것이 확인되면 이메일로 보내드리는 방식입니다.
*거래가 완료되면 대화방은 삭제하니 개인정보 유출등의 문제는 걱정하지 않으셔도 됩니다.

*답장이 없더라도 잠시 대기 부탁드립니다.","ㅇㅇ(210.217) 2022.10.25 16:33:27
조회 119 추천 0 댓글 1",추천 0,조회 119,2022.10.25 16:33:27,https://gall.dcinside.com/mini/board/view/?id=phsfanclub&no=191&page=2
인생좆된 고3 백붕이 ㅋㅋㅋㅋㅋ,,애미 ㅋㅋㅋ,"ㅇㅇ(1.241) 2022.10.21 00:03:11
조회 128 추천 1 댓글 1",추천 1,조회 128,2022.10.21 00:03:11,https://gall.dcinside.com/mini/board/view/?id=phsfanclub&no=190&page=2
ㅇㄴㅁㅁㅁㅁ,,ㅁㄴㅇ,"ㅇㅇ(222.98) 2022.10.10 20:51:04
조회 27 추천 0 댓글 0",추천 0,조회 27,2022.10.10 20:51:04,https://gall.dcinside.com/mini/board/view/?id=phsfanclub&no=189&page=2
실시간 백붕이 탈의실에서 갤질한다,,교실에서 하기엔 좀 그렇잖아,"ㅇㅇ(61.77) 2022.08.22 15:44:37
조회 90 추천 1 댓글 0",추천 1,조회 90,2022.08.22 15:44:37,https://gall.dcinside.com/mini/board/view/?id=phsfanclub&no=188&page=2
정시 좆된 정시파이터면 개추,,정시파이터 웅앵웅 해놓고 공부안했으면 개추 ㅋㅋㅋ,"ㅇㅇ(1.241) 2022.08.20 13:18:49
조회 64 추천 3 댓글 0",추천 3,조회 64,2022.08.20 13:18:49,https://gall.dcinside.com/mini/board/view/?id=phsfanclub&no=187&page=2
급식 맛 자체는 좋다 생각함,,"근데 메뉴를 가끔 함바집에서나 줄 법한 걸 줘서
맛의 방향 자체가 잘못된거지
맛있는 메뉴면 ㅍㅅㅌㅊ된다고 본다.","ㅇㅇ(61.77) 2022.07.01 13:36:04
조회 114 추천 1 댓글 2",추천 1,조회 114,2022.07.01 13:36:04,https://gall.dcinside.com/mini/board/view/?id=phsfanclub&no=186&page=2
오전에 번개 크게 친거,,들었으면 개추,"ㅇㅇ(61.77) 2022.06.30 14:10:13
조회 54 추천 2 댓글 1",추천 2,조회 54,2022.06.30 14:10:13,https://gall.dcinside.com/mini/board/view/?id=phsfanclub&no=185&page=2
우연이 내게오나봐~ 꽃향기가 보여 ~,,"드디어 저희 3학년 1반에도 봄이왔나봅니다.
공부밖에모르던 저의 학우가 사랑을 시작한것같습니다.
여러분 비록 이름은 못밝히지만 응원해주세요..!","ㅇㅇ(61.77) 2022.06.20 16:23:21
조회 240 추천 7 댓글 6",추천 7,조회 240,2022.06.20 16:23:21,https://gall.dcinside.com/mini/board/view/?id=phsfanclub&no=184&page=2
산 밀어버리고싶네,,"새새끼들 존나시끄럽고 벌레 존나들어오고
존나 뭔생각으로 이딴데에 학교를지은거지","ㅇㅇ(61.77) 2022.06.16 08:23:47
조회 74 추천 1 댓글 1",추천 1,조회 74,2022.06.16 08:23:47,https://gall.dcinside.com/mini/board/view/?id=phsfanclub&no=183&page=2
6모 3일남았네,,"ㅋㅋㅋㅋㅋㅋㅋㅋㅋㅋㅋㅋㅋㅋㅋㅋㅋㅋㅋㅋㅋㅋㅋㅋㅋㅋㅋㅋㅋㅋㅋㅋㅋㅋㅋㅋㅋㅋㅋㅋㅋㅋㅋㅋㅋㅋㅋㅋㅋㅋㅋㅋㅋㅋㅋㅋㅋㅋㅋㅋㅋㅋㅋㅋㅋㅋㅋㅋㅋㅋㅋㅋㅋㅋㅋㅋㅋㅋㅋㅋㅋㅋㅋㅋㅋㅋㅋㅋㅋㅋㅋㅋㅋㅋㅋㅋㅋㅋㅋㅋㅋㅋㅋㅋㅋㅋㅋㅋㅋㅋㅋㅋㅋㅋㅋㅋㅋㅋㅋㅋㅋㅋㅋㅋㅋㅋㅋㅋㅋㅋㅋㅋㅋㅋㅋㅋㅋㅋㅋㅋㅋㅋㅋㅋㅋㅋㅋㅋㅋㅋㅋㅋㅋㅋㅋㅋㅋㅋㅋㅋㅋㅋㅋㅋㅋㅋㅋㅋㅋㅋㅋㅋㅋㅋㅋㅋㅋㅋㅋㅋㅋㅋㅋㅋㅋㅋ

좆 댓 따 !","ㅇㅇ(14.4) 2022.06.06 23:09:02
조회 39 추천 3 댓글 0",추천 3,조회 39,2022.06.06 23:09:02,https://gall.dcinside.com/mini/board/view/?id=phsfanclub&no=182&page=2
그냥여기한국공학대갤러리하자,,다같이 한국공대로 가자~~~,"ㅇㅇ(221.150) 2022.05.11 00:35:29
조회 183 추천 1 댓글 1",추천 1,조회 183,2022.05.11 00:35:29,https://gall.dcinside.com/mini/board/view/?id=phsfanclub&no=181&page=2
아직 있노,,여기도 오랫만이네 이x찬은 아직도 있노,"ㅇㅇ(221.141) 2022.05.10 14:29:04
조회 54 추천 0 댓글 1",추천 0,조회 54,2022.05.10 14:29:04,https://gall.dcinside.com/mini/board/view/?id=phsfanclub&no=180&page=2
이 시발,,매점열어 나쁜넘들아ㅏㅏㅏ요즘급식에바야ㅏㅏㅏ고3내내 못쓰는게어딧어ㅓㅓㅓㅓㅓ,"ㅇㅇ(1.241) 2022.04.26 18:50:39
조회 125 추천 0 댓글 1",추천 0,조회 125,2022.04.26 18:50:39,https://gall.dcinside.com/mini/board/view/?id=phsfanclub&no=179&page=2
여긴 의왕백운고갤러리입니다,,파딱은 재수중임요ㅇㅇ,"ㅇㅇ(221.150) 2022.04.18 00:06:39
조회 220 추천 0 댓글 1",추천 0,조회 220,2022.04.18 00:06:39,https://gall.dcinside.com/mini/board/view/?id=phsfanclub&no=178&page=2
공부 좆같다,,"아니 왜째서 고1때 내신을 6등급대로 던져버린 것입니까 과거의 나?

4등급대 까지밖에 복구를 못한 등신입니다.

문송합니다.

고1, 2는 갤끄고 시험공부해라... 나처럼 되지말아줘...","ㅇㅇ(61.77) 2022.04.07 08:38:50
조회 142 추천 0 댓글 1",추천 0,조회 142,2022.04.07 08:38:50,https://gall.dcinside.com/mini/board/view/?id=phsfanclub&no=176&page=2
본인 프로미스나인 빠는 백붕이면 개추 ㅋㅋ,,개추 감쟈합니다,"ㅇㅇ(14.4) 2022.03.30 00:43:05
조회 60 추천 0 댓글 1",추천 0,조회 60,2022.03.30 00:43:05,https://gall.dcinside.com/mini/board/view/?id=phsfanclub&no=175&page=2
고3게이 손,,"문과만 받는다.
엄근진","ㅇㅇ(1.241) 2022.03.18 23:28:32
조회 78 추천 0 댓글 1",추천 0,조회 78,2022.03.18 23:28:32,https://gall.dcinside.com/mini/board/view/?id=phsfanclub&no=174&page=2
재학생이 809명인데,,글젠이 이거밖에 안됨?,"찰팡 2022.03.17 23:18:11
조회 142 추천 2 댓글 1",추천 2,조회 142,2022.03.17 23:18:11,https://gall.dcinside.com/mini/board/view/?id=phsfanclub&no=173&page=2
디시인사이드 이렇게하는거맞나..?,,안녕하세요 !!,"이찬영(221.143) 2022.03.17 23:14:33
조회 146 추천 2 댓글 2",추천 2,조회 146,2022.03.17 23:14:33,https://gall.dcinside.com/mini/board/view/?id=phsfanclub&no=172&page=2
오늘 급식 맛있었으면 개추ㅋㅋㅋ,,"움냠냠쩦짶
- dc official App","ㅇㅇ(175.116) 2022.03.17 23:13:18
조회 153 추천 1 댓글 5",추천 1,조회 153,2022.03.17 23:13:18,https://gall.dcinside.com/mini/board/view/?id=phsfanclub&no=171&page=2
개같이 멸망했네,,ㅋㅋㅋㅋㅋㅋㅋㅋ,"찰팡 2022.03.17 23:10:01
조회 37 추천 1 댓글 0",추천 1,조회 37,2022.03.17 23:10:01,https://gall.dcinside.com/mini/board/view/?id=phsfanclub&no=170&page=2
속보-수능포기,,"일주일만에 깨달음
그냥 수시로 경기도 저 어디 대학하나 넣고 놀아야지","ㅇㅇ(1.241) 2022.03.13 15:39:55
조회 36 추천 0 댓글 0",추천 0,조회 36,2022.03.13 15:39:55,https://gall.dcinside.com/mini/board/view/?id=phsfanclub&no=169&page=2
이번에 대학 들어가는데,,"안녕 얘들아 이번에 컴공과 입학하는 찐따인데 공부 겸 어플좀 만들어봤어 시간내서 한번씩 좀 해봐주겠니..

미안해..ㅠ

https://play.google.com/store/apps/details?id=kim.dae1212.imagegame0216","익명(77.111) 2022.03.02 00:23:59
조회 62 추천 0 댓글 1",추천 0,조회 62,2022.03.02 00:23:59,https://gall.dcinside.com/mini/board/view/?id=phsfanclub&no=168&page=2
이이잉ㅇ 기몰잉,,ㅇㄹㄴㅇㄹ,"악질아이피14.4 2022.02.28 02:12:51
조회 33 추천 0 댓글 0",추천 0,조회 33,2022.02.28 02:12:51,https://gall.dcinside.com/mini/board/view/?id=phsfanclub&no=167&page=2
백운고 게이들한테만 주식정보준다,,"한일단조, 빅텍 풀매수박아라 게이들아 ㅇㅇ","건전하고공정한시민 2022.02.27 22:57:02
조회 113 추천 0 댓글 1",추천 0,조회 113,2022.02.27 22:57:02,https://gall.dcinside.com/mini/board/view/?id=phsfanclub&no=166&page=2
속보))) 보닌 재수확정,,"4디시콘 보기
1종보통 장내기능시험 재수 확정","닉네임뭐하노 2022.02.19 11:32:24
조회 85 추천 1 댓글 2",추천 1,조회 85,2022.02.19 11:32:24,https://gall.dcinside.com/mini/board/view/?id=phsfanclub&no=165&page=2
누누이 말씀드리지만 이곳은 국내잇올갤러리입니다.,,,"닉네임뭐하노 2022.02.15 20:54:26
조회 54 추천 0 댓글 0",추천 0,조회 54,2022.02.15 20:54:26,https://gall.dcinside.com/mini/board/view/?id=phsfanclub&no=164&page=2
망갤 테스트,,예아 망갤 되었으면 여기 갤은 광양백운고가 가져간다,"ㅇㅇ(218.233) 2022.02.13 06:01:27
조회 79 추천 2 댓글 0",추천 2,조회 79,2022.02.13 06:01:27,https://gall.dcinside.com/mini/board/view/?id=phsfanclub&no=163&page=2
응 코스피 2700선 무너져도 상관없어ㅋㅋ,,사실 그렇지않아 시발,"ㅇㅇ(175.116) 2022.01.29 03:21:09
조회 50 추천 0 댓글 1",추천 0,조회 50,2022.01.29 03:21:09,https://gall.dcinside.com/mini/board/view/?id=phsfanclub&no=162&page=2
잇붕이 이X찬은 잇올안간다고 놀지말고 공부하기를 바람,,ㅇ,"ㅇㅇ(175.116) 2022.01.28 22:35:46
조회 105 추천 0 댓글 1",추천 0,조회 105,2022.01.28 22:35:46,https://gall.dcinside.com/mini/board/view/?id=phsfanclub&no=161&page=2
예비고3인 나,,"1월 순공부시간 10시간 내외
좆 됐 다!!","ㅇㅇ(1.241) 2022.01.24 14:27:09
조회 75 추천 0 댓글 3",추천 0,조회 75,2022.01.24 14:27:09,https://gall.dcinside.com/mini/board/view/?id=phsfanclub&no=160&page=2
재수 잇붕이 이X찬 게이야 열심히해라,,,"닉네임뭐하노 2022.01.23 20:31:07
조회 68 추천 0 댓글 4",추천 0,조회 68,2022.01.23 20:31:07,https://gall.dcinside.com/mini/board/view/?id=phsfanclub&no=159&page=2
잇붕이집가는중ㅠㅠ,,너네는재수안할거같지,"익명의김x규 2022.01.22 20:58:03
조회 74 추천 0 댓글 2",추천 0,조회 74,2022.01.22 20:58:03,https://gall.dcinside.com/mini/board/view/?id=phsfanclub&no=158&page=2
여기 뭐하는 곳이노?,,"씨발ㅋㅋㅋㅋ
- dc official App","%0%0 2022.01.07 01:14:22
조회 94 추천 0 댓글 1",추천 0,조회 94,2022.01.07 01:14:22,https://gall.dcinside.com/mini/board/view/?id=phsfanclub&no=157&page=2
형님들 졸업 ㅊㅊ,,이젠 씨발 제가 고3이네요 씨발씨발,"ㅇㅇ(1.241) 2022.01.03 19:26:41
조회 73 추천 0 댓글 2",추천 0,조회 73,2022.01.03 19:26:41,https://gall.dcinside.com/mini/board/view/?id=phsfanclub&no=156&page=2
백붕이잇올등록하고왓어ㅠㅠㅠㅠㅠㅠㅠ,,나엔수생이다,"익명의김x규 2022.01.02 11:03:22
조회 54 추천 0 댓글 0",추천 0,조회 54,2022.01.02 11:03:22,https://gall.dcinside.com/mini/board/view/?id=phsfanclub&no=155&page=2
XX교 게이야,,게이야,"ㅇㅇ(118.235) 2021.11.29 08:38:23
조회 146 추천 5 댓글 4",추천 5,조회 146,2021.11.29 08:38:23,https://gall.dcinside.com/mini/board/view/?id=phsfanclub&no=153&page=2
나(오늘부터04)현역으로대학감,,03아님이제 ㅇㅇ,"익명의김x규 2021.11.26 08:37:16
조회 116 추천 0 댓글 3",추천 0,조회 116,2021.11.26 08:37:16,https://gall.dcinside.com/mini/board/view/?id=phsfanclub&no=152&page=2
김x규 게이야 어디갔노…,,수능 잘봤노?,"ㅇㅇ(14.4) 2021.11.24 18:34:05
조회 80 추천 0 댓글 1",추천 0,조회 80,2021.11.24 18:34:05,https://gall.dcinside.com/mini/board/view/?id=phsfanclub&no=151&page=2
형님들 누님들 수능 화이팅입니다!,,"전날에는 푹 주무시고

꼭 좋은 결과 있기를 바랍니다!","ㅇㅇ(1.241) 2021.11.17 08:36:16
조회 57 추천 0 댓글 5",추천 0,조회 57,2021.11.17 08:36:16,https://gall.dcinside.com/mini/board/view/?id=phsfanclub&no=150&page=2
갤닉 ㅇㅇ(61.77),,내친구.,"ㅇㅇ(106.255) 2021.11.05 17:51:41
조회 53 추천 0 댓글 0",추천 0,조회 53,2021.11.05 17:51:41,https://gall.dcinside.com/mini/board/view/?id=phsfanclub&no=149&page=2
드가자,,https://krunker.io/?game=SEO:q4wmt,"ㅇㅇ(61.77) 2021.10.29 13:48:15
조회 35 추천 0 댓글 0",추천 0,조회 35,2021.10.29 13:48:15,https://gall.dcinside.com/mini/board/view/?id=phsfanclub&no=148&page=2
개쓰레기버러지인생,,수면시간6시간,"익명의김x규 2021.10.26 08:01:32
조회 89 추천 1 댓글 6",추천 1,조회 89,2021.10.26 08:01:32,https://gall.dcinside.com/mini/board/view/?id=phsfanclub&no=147&page=2
요!,,커여운 호노삐 보고가 유찬아,"ㅇㅇ(223.38) 2021.10.24 05:05:28
조회 80 추천 5 댓글 1",추천 5,조회 80,2021.10.24 05:05:28,https://gall.dcinside.com/mini/board/view/?id=phsfanclub&no=146&page=2
내일점심추천좀요ㅇㅇ?,,네,"익명의김x규 2021.10.23 00:33:16
조회 60 추천 0 댓글 3",추천 0,조회 60,2021.10.23 00:33:16,https://gall.dcinside.com/mini/board/view/?id=phsfanclub&no=145&page=2
나변x섭인데,,이유찬솔직히좆같다죽이고싶음,"유동변x섭(8.37) 2021.10.22 23:36:20
조회 137 추천 1 댓글 4",추천 1,조회 137,2021.10.22 23:36:20,https://gall.dcinside.com/mini/board/view/?id=phsfanclub&no=144&page=2
↓무지개반사,,걍 ㅋㅋ,"백운고 이x찬(61.77) 2021.10.21 16:10:04
조회 42 추천 0 댓글 0",추천 0,조회 42,2021.10.21 16:10:04,https://gall.dcinside.com/mini/board/view/?id=phsfanclub&no=143&page=2
ㄴ변x섭임,,ㅇ,"ㅇㅇ(61.77) 2021.10.20 14:16:09
조회 57 추천 0 댓글 1",추천 0,조회 57,2021.10.20 14:16:09,https://gall.dcinside.com/mini/board/view/?id=phsfanclub&no=142&page=2
치타는 웃고있다.,,"이사진 보면 뭐가 느껴지나?빠르다고 하는 경주견이라고 해봐야
야생의 치타에게는 고작개일뿐이다.

몇초 늦게 출발하더라도
우월한차이로 따돌릴수 있는 아예 종자가 다른놈이다.

[나]는 현재 치타처럼
고고하게 관망하고 있을뿐이다.
다른 수험생들이 아무리 날뛰어봐야
치타앞의 경주견일뿐 ..
결국 수석은 내가 될게 뻔하다.


나는 밸런스를 위해..
대한민국 수능 발전을 위해..
잠시 쉬어주는것일뿐..

이제 출발한다
수능의 치타 내가..
다른 경주견들은 직감적으로 긴장하기 시작했다...


D-395","닉네임뭐하노 2021.10.18 14:11:44
조회 60 추천 1 댓글 0",추천 1,조회 60,2021.10.18 14:11:44,https://gall.dcinside.com/mini/board/view/?id=phsfanclub&no=141&page=2
슬슬+1을확정지어보실까나,,큭큭,"익명의김x규 2021.10.17 10:31:32
조회 60 추천 1 댓글 1",추천 1,조회 60,2021.10.17 10:31:32,https://gall.dcinside.com/mini/board/view/?id=phsfanclub&no=140&page=2
30일정도 남은시점,,걍 奀됬단 생각밖에 안든다,"ㅇㅇ(175.116) 2021.10.17 01:49:24
조회 48 추천 0 댓글 2",추천 0,조회 48,2021.10.17 01:49:24,https://gall.dcinside.com/mini/board/view/?id=phsfanclub&no=139&page=3
영어점수 ㅗㅜㅑ,,29점 애미가 뒤졌노 씨2팔 wwww,"광양(218.233) 2021.10.16 03:59:39
조회 62 추천 0 댓글 2",추천 0,조회 62,2021.10.16 03:59:39,https://gall.dcinside.com/mini/board/view/?id=phsfanclub&no=138&page=3
졸립군,,자보실까나,"익명의김x규 2021.10.15 08:33:59
조회 50 추천 0 댓글 4",추천 0,조회 50,2021.10.15 08:33:59,https://gall.dcinside.com/mini/board/view/?id=phsfanclub&no=137&page=3
병언가는중,,힝구,"익명의김x규 2021.10.13 13:54:55
조회 37 추천 0 댓글 0",추천 0,조회 37,2021.10.13 13:54:55,https://gall.dcinside.com/mini/board/view/?id=phsfanclub&no=136&page=3
shangus,,"살아있다.
- dc official App","어둠의 이x찬(61.77) 2021.10.13 12:42:38
조회 55 추천 0 댓글 1",추천 0,조회 55,2021.10.13 12:42:38,https://gall.dcinside.com/mini/board/view/?id=phsfanclub&no=135&page=3
이비에스만점마무리를풀어라.,,오직연계만이살길이다수특수완을,"익명의김x규 2021.10.11 00:51:14
조회 40 추천 0 댓글 0",추천 0,조회 40,2021.10.11 00:51:14,https://gall.dcinside.com/mini/board/view/?id=phsfanclub&no=134&page=3
"한양대,오직한양대",,에리카,"익명의김x규 2021.10.11 00:50:39
조회 67 추천 0 댓글 0",추천 0,조회 67,2021.10.11 00:50:39,https://gall.dcinside.com/mini/board/view/?id=phsfanclub&no=133&page=3
나김x규39일전에롤을즐기는남자,,,"익명의김x규 2021.10.11 00:49:42
조회 31 추천 0 댓글 0",추천 0,조회 31,2021.10.11 00:49:42,https://gall.dcinside.com/mini/board/view/?id=phsfanclub&no=132&page=3
여기 갤은 이제 원맨갤이노,,wwwwww,"광양(117.111) 2021.10.07 03:21:16
조회 65 추천 0 댓글 1",추천 0,조회 65,2021.10.07 03:21:16,https://gall.dcinside.com/mini/board/view/?id=phsfanclub&no=131&page=3
꽃이 지고서야 봄인줄 알았읍니다.,,"광양 게이들 다 내신공부하러감?
안보이노ㅜㅜ","닉네임뭐하노 2021.10.06 23:24:49
조회 50 추천 0 댓글 2",추천 0,조회 50,2021.10.06 23:24:49,https://gall.dcinside.com/mini/board/view/?id=phsfanclub&no=130&page=3
튜링러브미츠미아땃땃떼토케나이멜로,,됴야,"익명의김x규 2021.10.06 23:02:29
조회 51 추천 0 댓글 2",추천 0,조회 51,2021.10.06 23:02:29,https://gall.dcinside.com/mini/board/view/?id=phsfanclub&no=129&page=3
망갤ㅅㅂ이,,,"익명의김x규 2021.10.06 01:15:04
조회 38 추천 0 댓글 0",추천 0,조회 38,2021.10.06 01:15:04,https://gall.dcinside.com/mini/board/view/?id=phsfanclub&no=128&page=3
일찍일어나는법고가삼,,팔아,"익명의김x규 2021.10.04 10:41:45
조회 24 추천 0 댓글 0",추천 0,조회 24,2021.10.04 10:41:45,https://gall.dcinside.com/mini/board/view/?id=phsfanclub&no=127&page=3
47일은서울대를가기엔너무짧은시간이다.,,재수를해라재수만이살,"익명의김x규 2021.10.02 10:58:19
조회 35 추천 0 댓글 0",추천 0,조회 35,2021.10.02 10:58:19,https://gall.dcinside.com/mini/board/view/?id=phsfanclub&no=126&page=3
다메다메다메다메다메,,도야,"익명의김x규 2021.10.02 10:57:12
조회 18 추천 0 댓글 0",추천 0,조회 18,2021.10.02 10:57:12,https://gall.dcinside.com/mini/board/view/?id=phsfanclub&no=125&page=3
4의규칙으로4점을받아라.,,3의규칙으로30점을,"익명의김x규 2021.09.30 23:18:49
조회 27 추천 0 댓글 0",추천 0,조회 27,2021.09.30 23:18:49,https://gall.dcinside.com/mini/board/view/?id=phsfanclub&no=124&page=3
브릿지투킬러로킬러를썰어라,,킬러를,"익명의김x규 2021.09.30 23:17:58
조회 32 추천 0 댓글 1",추천 0,조회 32,2021.09.30 23:17:58,https://gall.dcinside.com/mini/board/view/?id=phsfanclub&no=123&page=3
기하이는 삼수선의 정리로 삼수생을 썰어버린다.,,재수를해라재수만이구원,"익명의김x규 2021.09.28 20:32:27
조회 30 추천 0 댓글 0",추천 0,조회 30,2021.09.28 20:32:27,https://gall.dcinside.com/mini/board/view/?id=phsfanclub&no=122&page=3
선배들 질문있음다,,윤사쌤이 우리학교 1.9면 중앙대 못쓴다던데 ㄹㅇ임? 아님 MSG?,"ㅇㅇ(1.241) 2021.09.25 22:18:27
조회 73 추천 0 댓글 2",추천 0,조회 73,2021.09.25 22:18:27,https://gall.dcinside.com/mini/board/view/?id=phsfanclub&no=121&page=3
의왕게이들아,,너희는 학교 가노? 아님 온라인이노?,"광양(223.39) 2021.09.24 22:43:59
조회 118 추천 0 댓글 1",추천 0,조회 118,2021.09.24 22:43:59,https://gall.dcinside.com/mini/board/view/?id=phsfanclub&no=120&page=3
6반한명왓다노ㅋㅋ,,가정학습개좆됫다노ㅋㅋ,"공부안하는어둠의변x섭(61.77) 2021.09.23 15:28:42
조회 80 추천 0 댓글 0",추천 0,조회 80,2021.09.23 15:28:42,https://gall.dcinside.com/mini/board/view/?id=phsfanclub&no=119&page=3
노 .,,현,"ㅇㅇ(61.77) 2021.09.23 15:28:02
조회 39 추천 0 댓글 0",추천 0,조회 39,2021.09.23 15:28:02,https://gall.dcinside.com/mini/board/view/?id=phsfanclub&no=118&page=3
무 .,,무,"ㅇㅇ(61.77) 2021.09.23 15:27:49
조회 28 추천 0 댓글 0",추천 0,조회 28,2021.09.23 15:27:49,https://gall.dcinside.com/mini/board/view/?id=phsfanclub&no=117&page=3
현 .,,노,"ㅇㅇ(61.77) 2021.09.23 15:27:35
조회 22 추천 0 댓글 0",추천 0,조회 22,2021.09.23 15:27:35,https://gall.dcinside.com/mini/board/view/?id=phsfanclub&no=116&page=3
올어바웃을 작년에 깨우쳤다면...,,올해는 달랐을까,"ㅇㅇ(175.121) 2021.09.22 13:31:24
조회 69 추천 0 댓글 1",추천 0,조회 69,2021.09.22 13:31:24,https://gall.dcinside.com/mini/board/view/?id=phsfanclub&no=115&page=3
일기장쓸게없음어캄,,가질사람어디잇냐노ㅠㅠ,"익명의김x규 2021.09.22 01:19:07
조회 53 추천 0 댓글 2",추천 0,조회 53,2021.09.22 01:19:07,https://gall.dcinside.com/mini/board/view/?id=phsfanclub&no=114&page=3
주딱아 고맙다잇,,너의 냥이 펀치콘 내가 쓰니깐 우리 백운고 전부가 다 이거 쓴다 ㅋㅋㅋ,"광양(223.62) 2021.09.20 22:18:57
조회 51 추천 0 댓글 4",추천 0,조회 51,2021.09.20 22:18:57,https://gall.dcinside.com/mini/board/view/?id=phsfanclub&no=113&page=3
추석에 공부안하면 내년 설날에 공부한다.,,반박시 인정,"ㅇㅇ(175.121) 2021.09.19 21:32:30
조회 68 추천 1 댓글 1",추천 1,조회 68,2021.09.19 21:32:30,https://gall.dcinside.com/mini/board/view/?id=phsfanclub&no=112&page=3
개추와 비추가 동시에 달리는 짤,,ㅇㅇ,"ㅇㅇ(175.116) 2021.09.16 09:05:05
조회 260 추천 8 댓글 6",추천 8,조회 260,2021.09.16 09:05:05,https://gall.dcinside.com/mini/board/view/?id=phsfanclub&no=110&page=3
갤이 뒤졌노,,주딱 게이야 이럴꼬면 의왕똥꼬 버리고 광양으로 붙어라 이기,"광양(117.111) 2021.09.15 22:41:49
조회 51 추천 1 댓글 2",추천 1,조회 51,2021.09.15 22:41:49,https://gall.dcinside.com/mini/board/view/?id=phsfanclub&no=109&page=3
나념글가고싶은데개추좀ㅇㅇ,,념글안가면광양다차단박음,"익명의김x규 2021.09.13 17:56:29
조회 126 추천 7 댓글 6",추천 7,조회 126,2021.09.13 17:56:29,https://gall.dcinside.com/mini/board/view/?id=phsfanclub&no=108&page=3
어씨발이거뭐냐,,"1
이미지 순서 ON

이런씨발홍어새끼들이엿노????????
왠지뒷통수가얼얼하다햇노씨이발민주화당할뻔","익명의김x규 2021.09.11 23:14:10
조회 118 추천 0 댓글 5",추천 0,조회 118,2021.09.11 23:14:10,https://gall.dcinside.com/mini/board/view/?id=phsfanclub&no=107&page=3
하와와,,광양에는 없는 학교 풍경,"ㅇㅇ(180.70) 2021.09.11 19:19:40
조회 169 추천 12 댓글 5",추천 12,조회 169,2021.09.11 19:19:40,https://gall.dcinside.com/mini/board/view/?id=phsfanclub&no=106&page=3
저는사실광양백운고다노ㅠㅠㅠㅠㅠㅠ,,3학년김x규라노ㅠㅠㅠㅠㅠㅠㅠㅠㅠㅠ,"익명의김x규 2021.09.11 17:44:17
조회 110 추천 1 댓글 1",추천 1,조회 110,2021.09.11 17:44:17,https://gall.dcinside.com/mini/board/view/?id=phsfanclub&no=105&page=3
광양백운고 글좀 막아라,,시발,"백운(175.121) 2021.09.11 16:58:07
조회 205 추천 5 댓글 1",추천 5,조회 205,2021.09.11 16:58:07,https://gall.dcinside.com/mini/board/view/?id=phsfanclub&no=104&page=3
오명환 교장님 사랑해요,,,"ㅇㅇ(58.231) 2021.09.11 09:28:09
조회 87 추천 0 댓글 0",추천 0,조회 87,2021.09.11 09:28:09,https://gall.dcinside.com/mini/board/view/?id=phsfanclub&no=103&page=3
백운고 이벤트 공지,,"교복 또는 검은색 슬랙스를 가장 성실하게 입고 온 반에게 매달 마지막 주에 치킨을 드립니다!

https://www.youtube.com/watch?v=7Z9kHLtAZ4Q","ㅇㅇ(218.233) 2021.09.11 01:06:29
조회 153 추천 4 댓글 3",추천 4,조회 153,2021.09.11 01:06:29,https://gall.dcinside.com/mini/board/view/?id=phsfanclub&no=102&page=3
학원이랑인강도순공시간포함해주세요ㅠㅠㅠㅠㅠㅠㅠㅠㅠ,,하루더빠짐없이12시간이다노ㅠㅠㅠㅠㅠㅠㅠㅠㅠㅍ,"익명의김x규 2021.09.10 18:00:00
조회 47 추천 0 댓글 0",추천 0,조회 47,2021.09.10 18:00:00,https://gall.dcinside.com/mini/board/view/?id=phsfanclub&no=101&page=3
광양백운고←근본없는 진짜이유,,얘네 원래 이름 동광양고등학교였음 ㅇㅇ,"ㅇㅇ(61.77) 2021.09.09 15:24:15
조회 225 추천 2 댓글 4",추천 2,조회 225,2021.09.09 15:24:15,https://gall.dcinside.com/mini/board/view/?id=phsfanclub&no=100&page=3
shangus ^^ㅣ발아 교실에서 마스크좀 써라,,너만 벗고 있잖아 ^^ㅣ발,"ㅇㅇ(61.77) 2021.09.09 15:22:09
조회 79 추천 1 댓글 2",추천 1,조회 79,2021.09.09 15:22:09,https://gall.dcinside.com/mini/board/view/?id=phsfanclub&no=99&page=3
가정 학습 다 쓰면 내신 챙기는 년들은 밥 누구랑 먹음?,,시발,"ㅇㅇ(61.77) 2021.09.09 15:20:07
조회 86 추천 0 댓글 5",추천 0,조회 86,2021.09.09 15:20:07,https://gall.dcinside.com/mini/board/view/?id=phsfanclub&no=98&page=3
솔직히 의왕보다 광양이 호감이다노ㅠㅠ,,똥글똥댓다안쌈스레기들,"익명의김x규 2021.09.08 16:55:53
조회 108 추천 0 댓글 2",추천 0,조회 108,2021.09.08 16:55:53,https://gall.dcinside.com/mini/board/view/?id=phsfanclub&no=97&page=3
(의왕)백운고 가정학습 언제부터되는거임?,,"알려""줘""","호감유동이되고싶어(61.77) 2021.09.08 11:30:43
조회 75 추천 0 댓글 2",추천 0,조회 75,2021.09.08 11:30:43,https://gall.dcinside.com/mini/board/view/?id=phsfanclub&no=96&page=3
*** 집중을 위한 빗소리 + 뇌파소리 (바이노럴비트) ***,,"https://youtu.be/oFPiKwt3A10
- dc official App","Jamjali(66.30) 2021.09.07 03:41:45
조회 35 추천 0 댓글 1",추천 0,조회 35,2021.09.07 03:41:45,https://gall.dcinside.com/mini/board/view/?id=phsfanclub&no=95&page=3
백운고 원격수업 개꿀,,확진자 20명 나와서 집 와서 원격수업 함 엌ㅋㅋ,"광양(218.233) 2021.09.06 12:46:56
조회 50 추천 0 댓글 0",추천 0,조회 50,2021.09.06 12:46:56,https://gall.dcinside.com/mini/board/view/?id=phsfanclub&no=94&page=3
호감수업물2는개추야ㅋㅋ,,깔깔ㅋㅋ,"익명의김x규 2021.09.06 11:20:34
조회 54 추천 0 댓글 2",추천 0,조회 54,2021.09.06 11:20:34,https://gall.dcinside.com/mini/board/view/?id=phsfanclub&no=93&page=3
주딱더귀찮다주딱할사람,,"검증된앰창인생병신만이할수잇워용







3디시콘 보기
ㄹㅇ줄거닉가말해ㅇㅇ","익명의김x규 2021.09.03 20:51:51
조회 54 추천 3 댓글 3",추천 3,조회 54,2021.09.03 20:51:51,https://gall.dcinside.com/mini/board/view/?id=phsfanclub&no=92&page=3
76일 남은 시점... 여기 주면 가냐?,,주면 절하면서 가지 ㅋㅋ,"닉네임뭐하노 2021.09.03 15:15:50
조회 93 추천 0 댓글 0",추천 0,조회 93,2021.09.03 15:15:50,https://gall.dcinside.com/mini/board/view/?id=phsfanclub&no=91&page=3
본인이,,졸업사진 찍어서 신나는 의왕백운게이면 개추ㅋㅋㅋㅋㅋㅋㅋㅋ,"ㅇㅇ(61.77) 2021.09.03 14:12:36
조회 97 추천 3 댓글 2",추천 3,조회 97,2021.09.03 14:12:36,https://gall.dcinside.com/mini/board/view/?id=phsfanclub&no=90&page=3
저희광양백운고는의왕백운고분들에게충성을맹세한다노ㅠㅠㅠㅠㅠ,,ㄹ유ㅠㅠㅠㅠㅠ,"익명의광양(61.77) 2021.09.03 11:18:54
조회 220 추천 5 댓글 4",추천 5,조회 220,2021.09.03 11:18:54,https://gall.dcinside.com/mini/board/view/?id=phsfanclub&no=89&page=3
광양 게이들만 봥,,공부나 해라ㅋㅋㅋㅋㅋㅋㅋㅋㅋ,"ㅇㅇ(180.70) 2021.09.02 23:08:27
조회 286 추천 15 댓글 6",추천 15,조회 286,2021.09.02 23:08:27,https://gall.dcinside.com/mini/board/view/?id=phsfanclub&no=88&page=4
생각해보니 1년 더 하는것도 나쁘지 않은것같다,,시발ㅋㅋ,"닉네임뭐하노 2021.09.02 21:58:48
조회 58 추천 0 댓글 1",추천 0,조회 58,2021.09.02 21:58:48,https://gall.dcinside.com/mini/board/view/?id=phsfanclub&no=87&page=4
충격고백)단또올린거나임ㅠㅠㅠㅠ,,김x재가시작햇음,"익명의김x규 2021.09.02 15:37:36
조회 63 추천 0 댓글 3",추천 0,조회 63,2021.09.02 15:37:36,https://gall.dcinside.com/mini/board/view/?id=phsfanclub&no=86&page=4
정보실노트북개씹상땃쥐노ㄷㄷㄷㄷㄷㄷㄷㄷㄷㄷㄷㄷㄷㄷㄷㄷ,,이게백운고?????????????????????????????(의왕),"익명의김x규 2021.09.02 14:56:19
조회 66 추천 1 댓글 2",추천 1,조회 66,2021.09.02 14:56:19,https://gall.dcinside.com/mini/board/view/?id=phsfanclub&no=85&page=4
9모개처럼멸망ㅋㅋㅋㅋㅋㅋㅋ,,,"익명의김x규 2021.09.02 08:00:55
조회 36 추천 0 댓글 0",추천 0,조회 36,2021.09.02 08:00:55,https://gall.dcinside.com/mini/board/view/?id=phsfanclub&no=84&page=4
응애,,공부하기 시러,"ㅇㅇ(180.70) 2021.08.31 23:32:12
조회 46 추천 2 댓글 1",추천 2,조회 46,2021.08.31 23:32:12,https://gall.dcinside.com/mini/board/view/?id=phsfanclub&no=83&page=4
졸려서 공부를못하겠노,,야발,"닉네임뭐하노 2021.08.31 18:40:46
조회 49 추천 0 댓글 1",추천 0,조회 49,2021.08.31 18:40:46,https://gall.dcinside.com/mini/board/view/?id=phsfanclub&no=82&page=4
9모별로걱정안되면개추ㅋㅋㅋㅋ,,공부안함.,"익명의김x규 2021.08.30 20:22:34
조회 82 추천 5 댓글 5",추천 5,조회 82,2021.08.30 20:22:34,https://gall.dcinside.com/mini/board/view/?id=phsfanclub&no=81&page=4
생명과학1 공부하기 ㅈㄴ 싫네요,,물리할걸 시발,"ㅇㅇ(175.121) 2021.08.30 19:36:29
조회 54 추천 0 댓글 3",추천 0,조회 54,2021.08.30 19:36:29,https://gall.dcinside.com/mini/board/view/?id=phsfanclub&no=80&page=4
나의 수학 공부 방법,,수학 수시 정시 둘 다 안들어가서 수학 시간 때 자면 됩니다 ㅋㅋㄹㅃㅃ,"슈갤나 2021.08.29 13:28:08
조회 110 추천 5 댓글 3",추천 5,조회 110,2021.08.29 13:28:08,https://gall.dcinside.com/mini/board/view/?id=phsfanclub&no=79&page=4
나방금일남ㅋㅋㅋㅋㅋㅋㅋㅋㅋㅋ,,시간버그냐,"익명의김x규 2021.08.29 12:00:50
조회 51 추천 0 댓글 5",추천 0,조회 51,2021.08.29 12:00:50,https://gall.dcinside.com/mini/board/view/?id=phsfanclub&no=78&page=4
본인이 인사시켜놓고 안보는 현주면 개추,,일단 나부터ㅋㅋㅋㅋㅋㅋㅋㅋㅋ,"ㅇㅇ(180.70) 2021.08.28 18:57:12
조회 157 추천 16 댓글 5",추천 16,조회 157,2021.08.28 18:57:12,https://gall.dcinside.com/mini/board/view/?id=phsfanclub&no=77&page=4
얼리버드공부입갤ㅋㅋㅋㅋㅋㅋㅋㅋㅋㅋ,,,"익명의김x규 2021.08.28 07:53:52
조회 39 추천 1 댓글 2",추천 1,조회 39,2021.08.28 07:53:52,https://gall.dcinside.com/mini/board/view/?id=phsfanclub&no=76&page=4
지구실모추천해줄사람@@,,문과는나가,"익명의김x규 2021.08.28 00:02:10
조회 54 추천 0 댓글 2",추천 0,조회 54,2021.08.28 00:02:10,https://gall.dcinside.com/mini/board/view/?id=phsfanclub&no=75&page=4
하와와,,나 여고생쟝,"ㅇㅇ(180.70) 2021.08.27 23:17:37
조회 47 추천 3 댓글 2",추천 3,조회 47,2021.08.27 23:17:37,https://gall.dcinside.com/mini/board/view/?id=phsfanclub&no=74&page=4
러셀 quel 국어 h 2회후기,,"1회보다좋앗음

잘잣다비문학23지문에서8갠가나감

문학화작다맞앗는데씨이발","익명의김x규 2021.08.27 20:02:54
조회 149 추천 5 댓글 2",추천 5,조회 149,2021.08.27 20:02:54,https://gall.dcinside.com/mini/board/view/?id=phsfanclub&no=73&page=4
사문탐<<<<<좆같으면 개추,,,"ㅇㅇ(121.190) 2021.08.27 17:40:09
조회 144 추천 18 댓글 1",추천 18,조회 144,2021.08.27 17:40:09,https://gall.dcinside.com/mini/board/view/?id=phsfanclub&no=71&page=4
야나xx인데,,배고프다.,"ㅇㅇ(61.77) 2021.08.27 15:17:21
조회 44 추천 1 댓글 1",추천 1,조회 44,2021.08.27 15:17:21,https://gall.dcinside.com/mini/board/view/?id=phsfanclub&no=69&page=4
사문탐 ← 교과서 없으면 개추 ㅋㅋ,,일단 난 아님,"ㅇㅇ(61.77) 2021.08.27 14:56:07
조회 122 추천 1 댓글 1",추천 1,조회 122,2021.08.27 14:56:07,https://gall.dcinside.com/mini/board/view/?id=phsfanclub&no=68&page=4
파딱 좀,,파딱 안주면 vpn키고 할카스 달린다,"shangus(61.77) 2021.08.27 14:22:02
조회 58 추천 0 댓글 2",추천 0,조회 58,2021.08.27 14:22:02,https://gall.dcinside.com/mini/board/view/?id=phsfanclub&no=67&page=4
광양백운고필독@@@@@@@@@@@@@,,"https://gall.dcinside.com/mgallery/board/view/?id=baekunhs&no=28&page=1


너네가져","익명의김x규 2021.08.27 14:20:42
조회 130 추천 2 댓글 5",추천 2,조회 130,2021.08.27 14:20:42,https://gall.dcinside.com/mini/board/view/?id=phsfanclub&no=66&page=4
파딱좀,,갤주 옆자리에 있어용,"ㅇㅇ(61.77) 2021.08.27 14:18:50
조회 34 추천 0 댓글 1",추천 0,조회 34,2021.08.27 14:18:50,https://gall.dcinside.com/mini/board/view/?id=phsfanclub&no=65&page=4
응애 나 애기,,,"ㅇㅇ(180.70) 2021.08.27 00:43:00
조회 45 추천 0 댓글 1",추천 0,조회 45,2021.08.27 00:43:00,https://gall.dcinside.com/mini/board/view/?id=phsfanclub&no=64&page=4
"파딱 ""줘""",,"갤주야 인증해야되냐 굳이
사실상 창립멤버인데","닉네임뭐하노 2021.08.27 00:41:26
조회 53 추천 0 댓글 1",추천 0,조회 53,2021.08.27 00:41:26,https://gall.dcinside.com/mini/board/view/?id=phsfanclub&no=63&page=4
진정한 백운인 인증합니다,,"광양백운고 학생입니다.
파딱 내놔","슈갤나 2021.08.26 16:02:08
조회 233 추천 6 댓글 3",추천 6,조회 233,2021.08.26 16:02:08,https://gall.dcinside.com/mini/board/view/?id=phsfanclub&no=62&page=4
파딱할사람@@@@@@,,검증된 백운인만 가능합디다,"익명의김x규 2021.08.26 15:07:07
조회 51 추천 0 댓글 1",추천 0,조회 51,2021.08.26 15:07:07,https://gall.dcinside.com/mini/board/view/?id=phsfanclub&no=61&page=4
백운고등학교 갤러리는 백운고 학생의 것,,고로 이 갤러리는 광양백운고의 것이기도 하지요,"광양(117.111) 2021.08.25 23:33:45
조회 191 추천 5 댓글 2",추천 5,조회 191,2021.08.25 23:33:45,https://gall.dcinside.com/mini/board/view/?id=phsfanclub&no=60&page=4
내일기장인데뭔니들꺼임??????????????,,,"익명의김x규 2021.08.25 20:16:20
조회 92 추천 6 댓글 0",추천 6,조회 92,2021.08.25 20:16:20,https://gall.dcinside.com/mini/board/view/?id=phsfanclub&no=59&page=4
아니 ㅅㅂ 갤러리이름 못바꾸노?,,광양백운고는 철수하시기 바랍니다,"ㅇㅇ(175.116) 2021.08.25 17:24:42
조회 82 추천 1 댓글 0",추천 1,조회 82,2021.08.25 17:24:42,https://gall.dcinside.com/mini/board/view/?id=phsfanclub&no=58&page=4
여긴 이제부터 광양백운고 갤러리다,,그렇게 알아라,"ㅇㅇ(117.111) 2021.08.25 13:24:25
조회 169 추천 5 댓글 2",추천 5,조회 169,2021.08.25 13:24:25,https://gall.dcinside.com/mini/board/view/?id=phsfanclub&no=57&page=4
수시공부가정시공부야~,,생기부정시에도들어가~,"익명의김x규 2021.08.24 22:21:27
조회 43 추천 1 댓글 0",추천 1,조회 43,2021.08.24 22:21:27,https://gall.dcinside.com/mini/board/view/?id=phsfanclub&no=56&page=4
형들,,내신 2후~3초중 나오면 어디까지 됨? 수원대나 숭실대 ㄱㄴ?,"ㅇㅇ(1.241) 2021.08.24 04:35:15
조회 94 추천 1 댓글 5",추천 1,조회 94,2021.08.24 04:35:15,https://gall.dcinside.com/mini/board/view/?id=phsfanclub&no=55&page=4
이 정도 성적이면 어디 대학교 갈 수 있음,,4후반이면 상명대 청강대 부산대 ㅆㄱㄴ?,"광양(117.111) 2021.08.23 17:12:27
조회 149 추천 0 댓글 2",추천 0,조회 149,2021.08.23 17:12:27,https://gall.dcinside.com/mini/board/view/?id=phsfanclub&no=54&page=4
본인주요일정ㄷㄷㄷㄷㄷㄷㄷ,,"재수

니애미","익명의김x규 2021.08.22 14:47:19
조회 43 추천 1 댓글 1",추천 1,조회 43,2021.08.22 14:47:19,https://gall.dcinside.com/mini/board/view/?id=phsfanclub&no=53&page=4
"""의왕백운고"" 2학기 주요일정",,"09월0901 9월모의평가

10월

1012 10월 전국연합
1014~1015 , 1018~1019 1차지필고사

11월
1117 예비소집일
1118 수능","ㅇㅇ(175.116) 2021.08.20 22:38:26
조회 104 추천 0 댓글 2",추천 0,조회 104,2021.08.20 22:38:26,https://gall.dcinside.com/mini/board/view/?id=phsfanclub&no=52&page=4
광양백운고←얘네도 과학중점고 아님?,,어디서본거같은데,"ㅇㅇ(175.116) 2021.08.20 00:44:26
조회 115 추천 1 댓글 2",추천 1,조회 115,2021.08.20 00:44:26,https://gall.dcinside.com/mini/board/view/?id=phsfanclub&no=51&page=4
여기가 망갤이라면,,"주딱을 나한테 넘겨라
여긴 광양백운고가 차지한다.","ㅇㅇ(117.111) 2021.08.19 08:18:25
조회 113 추천 6 댓글 2",추천 6,조회 113,2021.08.19 08:18:25,https://gall.dcinside.com/mini/board/view/?id=phsfanclub&no=50&page=4
내일부터공부할15일의전사면개추ㅠㅠㅠㅠㅠㅠㅠㅠ,,난아님ㄲㅈ,"익명의김x규 2021.08.17 21:35:12
조회 31 추천 0 댓글 0",추천 0,조회 31,2021.08.17 21:35:12,https://gall.dcinside.com/mini/board/view/?id=phsfanclub&no=49&page=4
개학하고 교실 통으로 빌려서 종일 실모치는거 불가능하냐?,,백운고라 안될듯ㅇㅇ,"ㅇㅇ(175.116) 2021.08.16 02:06:38
조회 52 추천 0 댓글 2",추천 0,조회 52,2021.08.16 02:06:38,https://gall.dcinside.com/mini/board/view/?id=phsfanclub&no=48&page=4
경기도재난지원금100%ㅋㅋㅋㅋㅋㅋ,,앙ㅋㅋㅋㅋㅋㅋㅋㅋㅋㅋㅋ,"익명의김x규 2021.08.13 21:14:50
조회 72 추천 0 댓글 1",추천 0,조회 72,2021.08.13 21:14:50,https://gall.dcinside.com/mini/board/view/?id=phsfanclub&no=47&page=4
ㅈ반고 니네 뭐임?,,니네 공부 안 하냐?,"댄디한배성민 2021.08.12 21:45:23
조회 89 추천 0 댓글 1",추천 0,조회 89,2021.08.12 21:45:23,https://gall.dcinside.com/mini/board/view/?id=phsfanclub&no=46&page=4
ㅎㅇ,,"이런게다잇네
수시 어디 씀?? 나 걍좆됌","ㅇㅇ(175.115) 2021.08.09 04:26:56
조회 41 추천 0 댓글 1",추천 0,조회 41,2021.08.09 04:26:56,https://gall.dcinside.com/mini/board/view/?id=phsfanclub&no=45&page=4
백미갤을살려주세요,,소재(똥)이업서요,"익명의김x규 2021.08.04 19:44:17
조회 49 추천 0 댓글 1",추천 0,조회 49,2021.08.04 19:44:17,https://gall.dcinside.com/mini/board/view/?id=phsfanclub&no=44&page=4
나를앞선김x규를죽인다,,순공14시간박고옴,"익명의김x규 2021.08.02 08:06:58
조회 35 추천 0 댓글 0",추천 0,조회 35,2021.08.02 08:06:58,https://gall.dcinside.com/mini/board/view/?id=phsfanclub&no=43&page=4
12시간딥슬립완료,,머리아프노요ㅋㅋ,"익명의김x규 2021.08.01 11:45:09
조회 41 추천 0 댓글 4",추천 0,조회 41,2021.08.01 11:45:09,https://gall.dcinside.com/mini/board/view/?id=phsfanclub&no=42&page=4
저녁안먹고공부할것.,,6모665546이정도면연세대가능???????,"익명의김x규 2021.07.31 13:37:50
조회 32 추천 0 댓글 5",추천 0,조회 32,2021.07.31 13:37:50,https://gall.dcinside.com/mini/board/view/?id=phsfanclub&no=41&page=4
옆자리문돌이애미터진년죽여버림,,좆같은년한국사모고푸는주제에adhd걸려잇노시밠ㅂㅅㅂㅅㅂㅅㅂㅅㅂㅅㅂㅅㅂㅅㅅㅂㅅㅂ,"익명의김x규 2021.07.30 16:24:59
조회 64 추천 0 댓글 2",추천 0,조회 64,2021.07.30 16:24:59,https://gall.dcinside.com/mini/board/view/?id=phsfanclub&no=40&page=4
윤석열 오늘중으로 국민의힘 입당예정,,들어가서 팀킬하는거 아니노ㅋㅋ,"ㅇㅇ(175.121) 2021.07.30 12:46:51
조회 31 추천 0 댓글 0",추천 0,조회 31,2021.07.30 12:46:51,https://gall.dcinside.com/mini/board/view/?id=phsfanclub&no=39&page=4
졸업생인데,,망갤임?,"댄디한배성민 2021.07.29 23:33:59
조회 62 추천 0 댓글 2",추천 0,조회 62,2021.07.29 23:33:59,https://gall.dcinside.com/mini/board/view/?id=phsfanclub&no=38&page=4
유동제한해제?,,딱좋노 이기야~~,"ㅇㅇ(175.223) 2021.07.26 11:53:37
조회 46 추천 0 댓글 1",추천 0,조회 46,2021.07.26 11:53:37,https://gall.dcinside.com/mini/board/view/?id=phsfanclub&no=37&page=4
