﻿제목,말머리,내용,글쓴이,추천수,조회수,날짜,링크
호날두,,,"삼공조아 2025.07.09 22:44:50
조회 50 추천 0 댓글 0",추천 0,조회 50,2025.07.09 22:44:50,https://gall.dcinside.com/mgallery/board/view/?id=samilth&no=498&page=1
인생이 재미없노,,ㅈㄱㄴ,"삼공조아 2025.07.07 18:45:32
조회 58 추천 0 댓글 0",추천 0,조회 58,2025.07.07 18:45:32,https://gall.dcinside.com/mgallery/board/view/?id=samilth&no=496&page=1
누가 더 유명함 일론머스크 네이마르,,- dc official App,"디바(59.28) 2025.07.03 23:56:08
조회 49 추천 0 댓글 1",추천 0,조회 49,2025.07.03 23:56:08,https://gall.dcinside.com/mgallery/board/view/?id=samilth&no=494&page=1
똥싸고,,물좀 내려 ㅅㅂㄹㄷㅇ,"삼공조아 2025.06.30 08:29:17
조회 58 추천 0 댓글 0",추천 0,조회 58,2025.06.30 08:29:17,https://gall.dcinside.com/mgallery/board/view/?id=samilth&no=490&page=1
시험문제 알아내는법 알려준다,,ㅈㄱㄴ,"삼공조아 2025.06.29 12:54:39
조회 78 추천 0 댓글 0",추천 0,조회 78,2025.06.29 12:54:39,https://gall.dcinside.com/mgallery/board/view/?id=samilth&no=489&page=1
수시 개꿀팁 알려준다,,질문받는다,"삼공조아 2025.06.26 09:39:45
조회 62 추천 0 댓글 0",추천 0,조회 62,2025.06.26 09:39:45,https://gall.dcinside.com/mgallery/board/view/?id=samilth&no=487&page=1
실습실컴으로,,채굴햇엇다고?ㅋㅋㅋ,"삼공조아 2025.06.25 00:28:26
조회 72 추천 0 댓글 0",추천 0,조회 72,2025.06.25 00:28:26,https://gall.dcinside.com/mgallery/board/view/?id=samilth&no=486&page=1
체육대회 찬/반,,ㅇㄴ ㅆㅂ ㅋㅋ 체육대회 반대하는놈들은 뭐냐 ㅋㅋ 확 갖다 운동장에 꽂아벌라 안할거면 운동장에 찌그러져 있으세요,"삼갤러(211.234) 2025.06.24 08:49:07
조회 66 추천 1 댓글 0",추천 1,조회 66,2025.06.24 08:49:07,https://gall.dcinside.com/mgallery/board/view/?id=samilth&no=484&page=1
ㅎㅇ,,ㅎㅇ,"삼공조아 2025.06.17 08:34:25
조회 82 추천 0 댓글 1",추천 0,조회 82,2025.06.17 08:34:25,https://gall.dcinside.com/mgallery/board/view/?id=samilth&no=475&page=1
2026 신입생은 꼭 봐라,,"삼일공고는 학생한테 사전투표를 강요하는 학교다

알아서 생각하고 

공고는 수원공고가 더 좋다 게이들아

여기오지마라 차라리 도박을 해라 

-현재 재학생임-","삼갤러(211.114) 2025.05.29 11:41:20
조회 188 추천 5 댓글 1",추천 5,조회 188,2025.05.29 11:41:20,https://gall.dcinside.com/mgallery/board/view/?id=samilth&no=468&page=1
ㅎㅇ,,ㅎㅇ,"삼갤러(106.240) 2025.05.19 15:38:00
조회 110 추천 0 댓글 1",추천 0,조회 110,2025.05.19 15:38:00,https://gall.dcinside.com/mgallery/board/view/?id=samilth&no=466&page=1
꼭 봐라,,"도대체 반에서 애정행각 왜 하는거냐 

남한테 지들 하는 거 보여주는 걸 좋아하는거임?","삼갤러(211.234) 2025.05.15 17:39:49
조회 229 추천 10 댓글 1",추천 10,조회 229,2025.05.15 17:39:49,https://gall.dcinside.com/mgallery/board/view/?id=samilth&no=465&page=1
학생회 해채 안하냐,,줄을 존나게도 못 새워요 ㅋㅌ 하여간 돌아가는 꼴이 ㅋㅋ,"삼갤러(118.235) 2025.05.15 12:21:04
조회 157 추천 1 댓글 1",추천 1,조회 157,2025.05.15 12:21:04,https://gall.dcinside.com/mgallery/board/view/?id=samilth&no=464&page=1
삼공 학생회평 ㅋㅋ,,줄 하나 못 세우면 어카노,"삼갤러(140.248) 2025.05.13 13:02:31
조회 146 추천 2 댓글 0",추천 2,조회 146,2025.05.13 13:02:31,https://gall.dcinside.com/mgallery/board/view/?id=samilth&no=463&page=1
학생회 있는 이유가 뭐노,,일 개못하는데 ㅋㅋ,"삼갤러(211.36) 2025.05.13 12:57:44
조회 147 추천 2 댓글 1",추천 2,조회 147,2025.05.13 12:57:44,https://gall.dcinside.com/mgallery/board/view/?id=samilth&no=462&page=1
헤어져서 미련 ㅈㄴ남았는데 없애는법좀 (내공 100),,하 그립다 그리워,"삼갤러(121.167) 2025.04.06 20:43:09
조회 239 추천 0 댓글 6",추천 0,조회 239,2025.04.06 20:43:09,https://gall.dcinside.com/mgallery/board/view/?id=samilth&no=453&page=1
아,,아아아아아아아ㅏ아아아아아아아ㅏ아앙,"삼갤러(211.234) 2025.04.04 15:32:09
조회 97 추천 0 댓글 0",추천 0,조회 97,2025.04.04 15:32:09,https://gall.dcinside.com/mgallery/board/view/?id=samilth&no=450&page=1
꼭 봐라,,뭐하러 보냐,"삼갤러(211.234) 2025.03.28 10:02:45
조회 155 추천 2 댓글 0",추천 2,조회 155,2025.03.28 10:02:45,https://gall.dcinside.com/mgallery/board/view/?id=samilth&no=449&page=1
실시간 야붕이 현시각 김동수 발견,,발견했다 총동문회실 앞으로 와라,"삼갤러(118.235) 2025.03.26 13:33:18
조회 212 추천 0 댓글 1",추천 0,조회 212,2025.03.26 13:33:18,https://gall.dcinside.com/mgallery/board/view/?id=samilth&no=447&page=1
"삼붕이들... ""이거""알고있었냐",,"우리 원래 월요일날 자율하는거 원래 정식 수업시간 아님 ㅋㅋㅋ
교장이 강제로 시키는거 ㅋㅋㅋ
- dc official App","삼갤러(211.234) 2025.03.25 08:27:50
조회 168 추천 2 댓글 0",추천 2,조회 168,2025.03.25 08:27:50,https://gall.dcinside.com/mgallery/board/view/?id=samilth&no=446&page=1
여기 삼일공고에서 제일 축구잘하는 과가 어디임??,,자신있는 과는 개추와 댓글 ^*^,"삼갤러(118.235) 2025.03.24 11:47:22
조회 215 추천 1 댓글 2",추천 1,조회 215,2025.03.24 11:47:22,https://gall.dcinside.com/mgallery/board/view/?id=samilth&no=445&page=1
금일 7시 40분 900번 버스에서 디시본샊이 나와라,,"내가 옆자린데 디시를 보노 ㅋㅋㅋㅋ
- dc official App","삼갤러(211.234) 2025.03.24 08:20:45
조회 159 추천 1 댓글 2",추천 1,조회 159,2025.03.24 08:20:45,https://gall.dcinside.com/mgallery/board/view/?id=samilth&no=444&page=1
아니 바뀐 교장 어떰?,,바뀐 교장 어떰?,"삼갤러(211.234) 2025.03.21 12:00:11
조회 201 추천 4 댓글 1",추천 4,조회 201,2025.03.21 12:00:11,https://gall.dcinside.com/mgallery/board/view/?id=samilth&no=443&page=1
기계과 현주소 ㅋㅋ,,"어캐 야자 탑클래스반에 기계과 출신이 한마리도 안보이노ㅋ
인재가 그렇게 없냐 ㅋㅋ","삼갤러(118.235) 2025.03.13 17:30:25
조회 199 추천 3 댓글 2",추천 3,조회 199,2025.03.13 17:30:25,https://gall.dcinside.com/mgallery/board/view/?id=samilth&no=440&page=1
전기과 명조 비틱했다. ㅋ,,앙 기모찌 ㅋ,"ㅇㅇ(58.78) 2025.02.02 02:50:17
조회 281 추천 0 댓글 5",추천 0,조회 281,2025.02.02 02:50:17,https://gall.dcinside.com/mgallery/board/view/?id=samilth&no=437&page=1
3일 비상계엄인데 3일만 휴교하자,,- dc official App,"ㅇㅇ 2024.12.03 23:24:08
조회 218 추천 1 댓글 2",추천 1,조회 218,2024.12.03 23:24:08,https://gall.dcinside.com/mgallery/board/view/?id=samilth&no=434&page=1
기계과 현실수준 어떳노,,댓글 ㄱ,"ㅇㅇ(106.101) 2024.11.12 16:41:29
조회 250 추천 1 댓글 0",추천 1,조회 250,2024.11.12 16:41:29,https://gall.dcinside.com/mgallery/board/view/?id=samilth&no=433&page=1
삼일고 갈까,,삼일고 갈까하는 중3인데 삼일고 진짜 좋나요,"ㅇㅇ(39.123) 2024.10.16 22:51:45
조회 357 추천 0 댓글 1",추천 0,조회 357,2024.10.16 22:51:45,https://gall.dcinside.com/mgallery/board/view/?id=samilth&no=431&page=1
여기 포함하여 다른학교 갤러리들까지 분탕치는 김명준이라는 애는 사칭임,,예전에 여기를 포함하여 다른학교 갤러리들까지 분탕일으키고 이상한 글 올리면서 삭제하고 튀었던 사람중에 김명준이라는 이름이 가끔 보이던데 진짜 김명준이라는 사람이 한 짓이 아니라 사칭이 한 짓입니다. 실제로 김명준이라는 사람은 디시를 하는 사람이 아닙니다. 김명준이라는 이름으로 된 글과 댓글들은 전부 사칭입니다.,"삼갤러(118.235) 2024.08.31 14:24:55
조회 267 추천 1 댓글 1",추천 1,조회 267,2024.08.31 14:24:55,https://gall.dcinside.com/mgallery/board/view/?id=samilth&no=429&page=1
팔 안저리게 자는법,,"책상에서 잘때마다 팔저려 뒤질것같아서 학교 존나 때리고 싶은데 팔 안자리게 자는법 있냐.
- dc official App","삼갤러(218.155) 2024.08.28 02:37:23
조회 308 추천 1 댓글 0",추천 1,조회 308,2024.08.28 02:37:23,https://gall.dcinside.com/mgallery/board/view/?id=samilth&no=428&page=1
이 씹새기들은,,방학 때 쳐부르고 밥도 안 주네,"삼갤러(106.240) 2024.08.12 09:39:03
조회 358 추천 4 댓글 0",추천 4,조회 358,2024.08.12 09:39:03,https://gall.dcinside.com/mgallery/board/view/?id=samilth&no=426&page=1
삼일고에 걸레있음,,"3학년 재학하는애들중에 걸레있음 맨날 보니까
삼일상고 도서실있는 벤치에서 서성이던데
궁금하면 한번씩 보셈 ㅋ","삼갤러(121.137) 2024.07.11 21:29:54
조회 1024 추천 2 댓글 0",추천 2,조회 1024,2024.07.11 21:29:54,https://gall.dcinside.com/mgallery/board/view/?id=samilth&no=423&page=1
김동수 개좆같으면 개추,,일단 나부터 ㅋㅋ,"삼갤러(106.101) 2024.07.08 13:45:17
조회 589 추천 16 댓글 1",추천 16,조회 589,2024.07.08 13:45:17,https://gall.dcinside.com/mgallery/board/view/?id=samilth&no=421&page=1
삼붕이 기말 조졌다,,"전공 B맞음
- dc official App","ㅇㅇ 2024.07.05 13:31:32
조회 247 추천 0 댓글 0",추천 0,조회 247,2024.07.05 13:31:32,https://gall.dcinside.com/mgallery/board/view/?id=samilth&no=420&page=1
전자과 새끼들 왤케 싸가지가 없냐,,"선생님 씹으면서 다니는 것도 그렇고 맘에 안 드네
전자과 애들 다 담배핀다던데
소지품 검사나 당했으면 좋겠노","삼갤러(106.240) 2024.06.25 20:13:02
조회 581 추천 7 댓글 2",추천 7,조회 581,2024.06.25 20:13:02,https://gall.dcinside.com/mgallery/board/view/?id=samilth&no=419&page=1
생존근육으로 언더아머 입는 새끼들은 뭐냐,,"팔뚝 보이지도 않는데 어거지로 껴 입는거 패죽이고 싶네 ㄹㅇ
뚱녀 종아리두께보다 얆은데","삼갤러(211.114) 2024.06.21 13:52:35
조회 318 추천 5 댓글 1",추천 5,조회 318,2024.06.21 13:52:35,https://gall.dcinside.com/mgallery/board/view/?id=samilth&no=417&page=1
반갑노 게이들아 ㅋㅋ,,ㅗ,"삼갤러(211.114) 2024.06.08 13:13:01
조회 175 추천 0 댓글 0",추천 0,조회 175,2024.06.08 13:13:01,https://gall.dcinside.com/mgallery/board/view/?id=samilth&no=416&page=1
삼일고에서 본 삼공의 축구,,"사물이 기계 4ㄷ0로 잡았다던데

반도체 줫밥새키들은 얼마나 털릴지 기대되노

이번에도 털리면 운동장에서 축구한다고 나대지마라 ㅋㅋㅋ","삼갤러(14.56) 2024.06.07 21:35:33
조회 513 추천 8 댓글 0",추천 8,조회 513,2024.06.07 21:35:33,https://gall.dcinside.com/mgallery/board/view/?id=samilth&no=415&page=1
1학년 애들아 안 늦었다 지금이라도 자퇴해라,,나중에 후회하지 말고 ㅋ,"삼갤러(106.240) 2024.06.03 14:54:02
조회 303 추천 0 댓글 0",추천 0,조회 303,2024.06.03 14:54:02,https://gall.dcinside.com/mgallery/board/view/?id=samilth&no=414&page=1
1학년 기계과 일짱이다,,담뱃불 붙여봐라 ㅋ,"삼갤러(218.55) 2024.05.29 02:40:17
조회 205 추천 2 댓글 0",추천 2,조회 205,2024.05.29 02:40:17,https://gall.dcinside.com/mgallery/board/view/?id=samilth&no=413&page=1
아 tlqkf 동수형 이건 아니지..w같은 학교,,체육대회 찬성안한 ㅈ찐따형들은 한강위로 달려가줘,"삼갤러(211.114) 2024.05.13 20:39:33
조회 526 추천 9 댓글 1",추천 9,조회 526,2024.05.13 20:39:33,https://gall.dcinside.com/mgallery/board/view/?id=samilth&no=412&page=1
삼공 vs 삼상,,전쟁하면 누가 이기냐?,"삼갤러(211.114) 2024.03.22 14:55:47
조회 479 추천 6 댓글 0",추천 6,조회 479,2024.03.22 14:55:47,https://gall.dcinside.com/mgallery/board/view/?id=samilth&no=405&page=1
콜라보,,"킹갓똥수형과 뇌쎅남 전기과 둘이서 똥싸는게
ㄹㅇ 개환장하겟노
- dc official App","삼갤러(211.114) 2024.03.12 15:37:21
조회 186 추천 3 댓글 0",추천 3,조회 186,2024.03.12 15:37:21,https://gall.dcinside.com/mgallery/board/view/?id=samilth&no=404&page=1
전기과 한남들 진짜,,"하..이새키들은 이동수업에 의미를 모르나
진짜 삼일한 마렵네","삼갤러(211.114) 2024.03.12 15:26:29
조회 550 추천 5 댓글 1",추천 5,조회 550,2024.03.12 15:26:29,https://gall.dcinside.com/mgallery/board/view/?id=samilth&no=403&page=1
전기과 ㅅㅂ,,이동수업인데 이동수업 뜻을 모르냐 시발 나도 전기과 수업 듣고 싶다고,"삼갤러(211.114) 2024.03.12 15:24:22
조회 272 추천 4 댓글 1",추천 4,조회 272,2024.03.12 15:24:22,https://gall.dcinside.com/mgallery/board/view/?id=samilth&no=402&page=1
삼일공고 후회되면 개추 ㅋㅋ,,내가 여기 왜 왔냐,"삼갤러(106.240) 2024.03.11 14:02:48
조회 563 추천 18 댓글 1",추천 18,조회 563,2024.03.11 14:02:48,https://gall.dcinside.com/mgallery/board/view/?id=samilth&no=401&page=2
올해 삼일공고 입학생인데,,"홍보부 하고싶은데 홍보부 ㄱㅊ나?
기강 빡세게 잡는다던데 홍보부나 출신 엉아들 알려줭
- dc official App","ㅇㅇ(118.235) 2024.02.22 14:26:44
조회 425 추천 2 댓글 1",추천 2,조회 425,2024.02.22 14:26:44,https://gall.dcinside.com/mgallery/board/view/?id=samilth&no=399&page=2
단축수업 있냐???,,"없다 씨발!
- dc official App","삼갤러(211.114) 2023.12.01 08:40:22
조회 203 추천 1 댓글 0",추천 1,조회 203,2023.12.01 08:40:22,https://gall.dcinside.com/mgallery/board/view/?id=samilth&no=397&page=2
나 전기관데,,"맞짱뜰새끼?
- dc official App","현배 2023.11.30 23:58:08
조회 363 추천 1 댓글 3",추천 1,조회 363,2023.11.30 23:58:08,https://gall.dcinside.com/mgallery/board/view/?id=samilth&no=396&page=2
기계과 글 쓴 애 너 누구냐..,,"누구냐 너
- dc official App","삼갤러(106.101) 2023.11.28 23:27:21
조회 345 추천 2 댓글 3",추천 2,조회 345,2023.11.28 23:27:21,https://gall.dcinside.com/mgallery/board/view/?id=samilth&no=395&page=2
나 갤준데 개추좀,,ㅇㅇ,"김동수(84.16) 2023.11.25 22:08:13
조회 532 추천 19 댓글 0",추천 19,조회 532,2023.11.25 22:08:13,https://gall.dcinside.com/mgallery/board/view/?id=samilth&no=390&page=2
이번 역은...,,"이번역은 동수 동수 역입니다 내리실문은 없습니다

(실제로 가봤더니 뭐 없더라)","삼갤러(112.148) 2023.11.16 19:22:02
조회 308 추천 2 댓글 0",추천 2,조회 308,2023.11.16 19:22:02,https://gall.dcinside.com/mgallery/board/view/?id=samilth&no=382&page=2
ㄷㄷㄷㄷㄷㄷㄷㄷㄷㄷ,,ㄷㄷㄷㄷㄷㄷㄷㄷㄷㄷㄷㄷㄷㄷㄷㄷㄷㄷㄷㄷㄷㄷㄷㄷㄷㄷㄷㄷㄷㄷㄷㄷㄷㄷㄷㄷㄷㄷㄷㄷㄷㄷㄷㄷㄷㄷㄷㄷㄷㄷㄷㄷㄷㄷㄷㄷㄷㄷㄷㄷㄷㄷㄷㄷㄷㄷㄷㄷㄷㄷㄷㄷㄷㄷㄷㄷㄷㄷㄷㄷㄷㄷㄷㄷㄷㄷㄷㄷㄷㄷㄷㄷㄷㄷㄷㄷㄷㄷㄷㄷㄷㄷㄷㄷㄷㄷㄷㄷㄷㄷㄷㄷㄷㄷㄷㄷㄷㄷㄷㄷㄷㄷㄷㄷㄷㄷㄷㄷㄷㄷㄷㄷㄷㄷㄷㄷㄷㄷㄷㄷㄷㄷㄷㄷㄷㄷㄷㄷㄷㄷㄷㄷㄷㄷㄷㄷㄷㄷㄷㄷㄷㄷㄷㄷㄷㄷㄷㄷㄷㄷㄷㄷㄷㄷㄷㄷㄷㄷㄷㄷㄷㄷㄷㄷㄷㄷㄷㄷㄷㄷㄷㄷㄷㄷㄷㄷㄷㄷㄷㄷㄷㄷㄷㄷㄷㄷㄷㄷㄷㄷㄷㄷㄷㄷㄷㄷㄷㄷㄷㄷㄷㄷㄷㄷㄷㄷㄷㄷㄷㄷㄷㄷㄷㄷㄷㄷㄷㄷㄷㄷㄷㄷㄷㄷㄷㄷㄷㄷㄷㄷㄷㄷㄷㄷㄷㄷㄷㄷㄷㄷㄷㄷㄷㄷㄷㄷㄷㄷㄷㄷㄷㄷㄷㄷㄷㄷㄷㄷㄷㄷㄷㄷㄷㄷㄷㄷㄷㄷㄷㄷㄷㄷㄷㄷㄷㄷㄷㄷㄷㄷㄷㄷㄷㄷㄷㄷㄷㄷㄷㄷㄷㄷㄷㄷㄷㄷㄷㄷㄷㄷㄷㄷㄷㄷㄷㄷㄷㄷㄷㄷㄷㄷㄷㄷㄷㄷㄷㄷㄷㄷㄷㄷㄷㄷㄷㄷㄷㄷㄷㄷㄷㄷㄷㄷㄷㄷㄷㄷㄷㄷㄷㄷㄷㄷㄷㄷㄷㄷㄷㄷㄷㄷㄷㄷㄷㄷㄷㄷㄷㄷㄷㄷㄷㄷㄷㄷㄷㄷㄷㄷㄷㄷㄷㄷㄷㄷㄷㄷㄷㄷㄷㄷㄷㄷㄷㄷㄷㄷㄷㄷㄷㄷㄷㄷㄷㄷㄷㄷㄷㄷㄷㄷㄷㄷㄷㄷㄷㄷㄷㄷㄷㄷㄷㄷㄷㄷㄷㄷㄷㄷㄷㄷㄷㄷㄷㄷㄷㄷㄷㄷㄷㄷㄷㄷㄷㄷㄷㄷㄷㄷㄷㄷㄷㄷㄷㄷㄷㄷㄷㄷㄷㄷㄷㄷㄷㄷㄷㄷㄷㄷㄷㄷㄷㄷㄷㄷㄷㄷㄷㄷㄷㄷㄷㄷㄷㄷㄷㄷㄷㄷㄷㄷㄷㄷㄷㄷㄷㄷㄷㄷㄷㄷㄷㄷㄷㄷㄷㄷㄷㄷㄷㄷㄷㄷㄷㄷㄷㄷㄷㄷㄷㄷㄷㄷㄷㄷㄷㄷㄷㄷㄷㄷㄷㄷㄷㄷㄷㄷㄷㄷㄷㄷㄷㄷㄷㄷㄷㄷㄷㄷㄷㄷㄷㄷㄷㄷㄷㄷㄷㄷㄷㄷㄷㄷㄷㄷㄷㄷㄷㄷㄷㄷㄷㄷㄷㄷㄷㄷㄷㄷㄷㄷㄷㄷㄷㄷㄷㄷㄷㄷㄷㄷㄷㄷㄷㄷㄷㄷㄷㄷㄷㄷㄷㄷㄷㄷㄷㄷㄷㄷㄷㄷㄷㄷㄷㄷㄷㄷㄷㄷㄷㄷㄷㄷㄷㄷㄷㄷㄷㄷㄷㄷㄷㄷㄷㄷㄷㄷㄷㄷㄷㄷㄷㄷㄷㄷㄷㄷㄷㄷㄷㄷㄷㄷㄷㄷㄷㄷㄷㄷㄷㄷㄷㄷㄷㄷㄷㄷㄷㄷㄷㄷㄷㄷㄷㄷㄷㄷㄷㄷㄷㄷㄷㄷㄷㄷㄷㄷㄷㄷㄷㄷㄷㄷㄷㄷㄷㄷㄷㄷㄷㄷㄷㄷㄷㄷㄷㄷㄷㄷㄷㄷㄷㄷㄷㄷㄷㄷㄷㄷㄷㄷㄷㄷㄷㄷㄷㄷㄷㄷㄷㄷㄷㄷㄷㄷㄷㄷㄷㄷㄷㄷㄷㄷㄷㄷㄷㄷㄷㄷㄷㄷㄷㄷㄷㄷㄷㄷㄷㄷㄷㄷㄷㄷㄷㄷㄷㄷㄷㄷㄷㄷㄷㄷㄷㄷㄷㄷㄷㄷㄷㄷㄷㄷㄷㄷㄷㄷㄷㄷㄷㄷㄷㄷㄷㄷㄷㄷㄷㄷㄷㄷㄷㄷㄷㄷㄷㄷㄷㄷㄷㄷㄷㄷㄷㄷㄷㄷㄷㄷㄷㄷㄷㄷㄷㄷㄷㄷㄷㄷㄷㄷㄷㄷㄷㄷㄷㄷㄷㄷㄷㄷㄷㄷㄷㄷㄷㄷㄷㄷㄷㄷㄷㄷㄷㄷㄷㄷㄷㄷㄷㄷㄷㄷㄷㄷㄷㄷㄷㄷㄷㄷㄷㄷㄷㄷㄷㄷㄷㄷㄷㄷㄷㄷㄷㄷㄷㄷㄷㄷㄷㄷㄷㄷㄷㄷㄷㄷㄷㄷㄷㄷㄷㄷㄷㄷㄷㄷㄷㄷㄷㄷㄷㄷㄷㄷㄷㄷㄷㄷㄷㄷㄷㄷㄷㄷㄷㄷㄷㄷㄷㄷㄷㄷㄷㄷㄷㄷㄷㄷㄷㄷㄷㄷㄷㄷㄷㄷㄷㄷㄷㄷㄷㄷㄷㄷㄷㄷㄷㄷㄷㄷㄷㄷㄷㄷㄷㄷㄷㄷㄷㄷㄷㄷㄷㄷㄷㄷㄷㄷㄷㄷㄷㄷㄷㄷㄷㄷㄷㄷㄷㄷㄷㄷㄷㄷㄷㄷㄷㄷㄷㄷㄷㄷㄷㄷㄷㄷㄷㄷㄷㄷㄷㄷㄷㄷㄷㄷㄷㄷㄷㄷㄷㄷㄷㄷㄷㄷㄷㄷㄷㄷㄷㄷㄷㄷㄷㄷㄷㄷㄷㄷㄷㄷㄷㄷㄷㄷㄷㄷㄷㄷㄷㄷㄷㄷㄷㄷㄷㄷㄷㄷㄷㄷㄷㄷㄷㄷㄷㄷㄷㄷㄷㄷㄷㄷㄷㄷㄷㄷㄷㄷㄷㄷㄷㄷㄷㄷㄷㄷㄷㄷㄷㄷㄷㄷㄷㄷㄷㄷㄷㄷㄷㄷㄷㄷㄷㄷㄷㄷㄷㄷㄷㄷㄷㄷㄷㄷㄷㄷㄷㄷㄷㄷㄷㄷㄷㄷ,"ㄷㄷㄷㄷㄷㄷㄷㄷㄷㄷㄷㄷㄷㄷㄷㄷㄷㄷㄷㄷ(211.114) 2023.10.23 12:23:32
조회 151 추천 0 댓글 0",추천 0,조회 151,2023.10.23 12:23:32,https://gall.dcinside.com/mgallery/board/view/?id=samilth&no=379&page=2
긴급속보,,실시간 똥수형 지지율5500000000000%  상승,"동갓수신(218.155) 2023.10.21 21:38:26
조회 327 추천 3 댓글 1",추천 3,조회 327,2023.10.21 21:38:26,https://gall.dcinside.com/mgallery/board/view/?id=samilth&no=378&page=2
쓰레기통,,"버즈 잃어버린 게이


H동 와서 동수형~ 외치면 돌려줌","뻣쯔(118.235) 2023.10.21 21:36:51
조회 177 추천 2 댓글 0",추천 2,조회 177,2023.10.21 21:36:51,https://gall.dcinside.com/mgallery/board/view/?id=samilth&no=377&page=2
동수형..,,동수오빠랑 사귀고싶다,"김태원.(211.114) 2023.10.21 12:29:24
조회 274 추천 2 댓글 1",추천 2,조회 274,2023.10.21 12:29:24,https://gall.dcinside.com/mgallery/board/view/?id=samilth&no=376&page=2
진짜 4시간을 떠드네..,,저것도 능력이다,"삼갤러(211.114) 2023.10.18 19:22:45
조회 284 추천 3 댓글 0",추천 3,조회 284,2023.10.18 19:22:45,https://gall.dcinside.com/mgallery/board/view/?id=samilth&no=374&page=2
교장선생님 말씀중,,"북한과 전쟁한다면 100전 100패... 라고 말씀하신 것을 듣고 우리나라의 국력이 약하다는 것을 느낍니다.
북한은 정말 전쟁머신이 아닐까요?
다른 나랍보다 짧은 우리나라 군복무 기간을 5년으로 늘려야 됩니다!!
교장 선생님 화이팅 입니다!","삼갤러(211.114) 2023.10.18 17:04:33
조회 507 추천 8 댓글 1",추천 8,조회 507,2023.10.18 17:04:33,https://gall.dcinside.com/mgallery/board/view/?id=samilth&no=373&page=2
그동안 감사했습니다,,김동수 교장선생님 얼마 안남은 임기 그동안 감사했습니다.,"삼갤러(211.114) 2023.10.18 16:40:19
조회 280 추천 4 댓글 2",추천 4,조회 280,2023.10.18 16:40:19,https://gall.dcinside.com/mgallery/board/view/?id=samilth&no=372&page=2
4시간 듣는거 ㄹㅇ 개빡세네,,동수 진짜,"삼갤러(211.114) 2023.10.18 14:06:57
조회 221 추천 3 댓글 0",추천 3,조회 221,2023.10.18 14:06:57,https://gall.dcinside.com/mgallery/board/view/?id=samilth&no=371&page=2
화공과,,화공과 지하실.. 동수 잠들다..,"OO(211.114) 2023.10.12 15:50:15
조회 230 추천 0 댓글 0",추천 0,조회 230,2023.10.12 15:50:15,https://gall.dcinside.com/mgallery/board/view/?id=samilth&no=370&page=2
삼공 올 게이들 사물과 와라,,"이번에 왔는데 실습실 ㅈ된다 ㄹㅇ
- dc official App","삼갤러(118.235) 2023.10.11 19:24:27
조회 573 추천 9 댓글 3",추천 9,조회 573,2023.10.11 19:24:27,https://gall.dcinside.com/mgallery/board/view/?id=samilth&no=369&page=2
TLQKF,,구도윤ㅅ발,"OO(211.114) 2023.10.11 14:32:48
조회 191 추천 1 댓글 0",추천 1,조회 191,2023.10.11 14:32:48,https://gall.dcinside.com/mgallery/board/view/?id=samilth&no=368&page=2
아니 10월 21일에 학교축제 가는거 어케 생각함???,,솔직히 난 개 ㅈ같거든? 너희들의 생각도 적어줘~~ 난 정말 궁금해서 물어보는거임 ㅋㅋ,"삼붕이(121.136) 2023.10.09 23:40:42
조회 438 추천 19 댓글 4",추천 19,조회 438,2023.10.09 23:40:42,https://gall.dcinside.com/mgallery/board/view/?id=samilth&no=367&page=2
일단 감자 자체는 굉장히 맛있습닏ㄷ 응! 아있!,,"https://www.youtube.com/watch?v=-gEZsVbp
  - YouTube
- YouTube
www.youtube.com","삼갤러(211.114) 2023.09.07 19:40:06
조회 193 추천 0 댓글 1",추천 0,조회 193,2023.09.07 19:40:06,https://gall.dcinside.com/mgallery/board/view/?id=samilth&no=363&page=2
뭐야 기계과 없어짐?,,왜 내년부터 로봇설계과됨?,"삼갤러(221.147) 2023.08.21 17:15:31
조회 223 추천 0 댓글 0",추천 0,조회 223,2023.08.21 17:15:31,https://gall.dcinside.com/mgallery/board/view/?id=samilth&no=362&page=2
화공과 교과서 뭐임?,,전학 하려하는데 교과서 뭔지 알려줄수 있음?,"ㅇㅇ(119.70) 2023.08.20 00:11:35
조회 319 추천 1 댓글 3",추천 1,조회 319,2023.08.20 00:11:35,https://gall.dcinside.com/mgallery/board/view/?id=samilth&no=361&page=2
니네 공고 뭐하냐ㅋㅋㅋ,,"우린 예배하는데ㅋㅋㅋㅋ 예아~ 딱좋노~~
- dc official App","ㅇㅇ(211.36) 2023.06.21 14:27:36
조회 379 추천 0 댓글 1",추천 0,조회 379,2023.06.21 14:27:36,https://gall.dcinside.com/mgallery/board/view/?id=samilth&no=359&page=2
비오는데 화재대피 훈련을 하노,,"이게 맞냐 ㄹㅇ
- dc official App","ㅇㅇ(118.235) 2023.06.21 14:07:11
조회 284 추천 1 댓글 1",추천 1,조회 284,2023.06.21 14:07:11,https://gall.dcinside.com/mgallery/board/view/?id=samilth&no=358&page=2
동수 씨 발년,,"동수게이 씨발 전과목을 이동수업으로 바꿔버리노ㅋㅋ
이새끼 교장 언제내려오냐
- dc official App","ㅇㅇ 2023.04.13 11:03:52
조회 961 추천 15 댓글 5",추천 15,조회 961,2023.04.13 11:03:52,https://gall.dcinside.com/mgallery/board/view/?id=samilth&no=349&page=2
질문 하나만 하자,,"05레저과 난교파티가 뭐노?
자세하게 말해줄 게이 있나","ㅇㅇ(61.254) 2023.04.08 12:40:34
조회 443 추천 5 댓글 0",추천 5,조회 443,2023.04.08 12:40:34,https://gall.dcinside.com/mgallery/board/view/?id=samilth&no=348&page=2
지금 다니는 삼공야붕게이 없노?,,"이번 신입게이들 싸가지 좆박았음 동수측근 게이들
- dc official App","현배 2023.03.21 21:48:17
조회 504 추천 1 댓글 2",추천 1,조회 504,2023.03.21 21:48:17,https://gall.dcinside.com/mgallery/board/view/?id=samilth&no=347&page=2
삼일공고 경찰과 실체,,"옆에 경찰과 지나가는데 부엉이바위 언급하던데
경찰과도 게이였노 ㅋㅋ
- dc official App","현배 2023.03.20 21:38:19
조회 1027 추천 4 댓글 5",추천 4,조회 1027,2023.03.20 21:38:19,https://gall.dcinside.com/mgallery/board/view/?id=samilth&no=346&page=2
ㅇㅇ,,ㅇㅇ,"ㅇㅇ(62.133) 2023.02.21 00:31:14
조회 180 추천 0 댓글 0",추천 0,조회 180,2023.02.21 00:31:14,https://gall.dcinside.com/mgallery/board/view/?id=samilth&no=342&page=2
와 20살 초봉 5천이 가능하구나,,피아이이,"ㅇㅇ(223.62) 2023.02.10 11:25:10
조회 593 추천 0 댓글 0",추천 0,조회 593,2023.02.10 11:25:10,https://gall.dcinside.com/mgallery/board/view/?id=samilth&no=340&page=2
사물과 기다려라,,내가 간다,"ㅇㅇ(175.195) 2023.01.05 14:54:18
조회 425 추천 0 댓글 1",추천 0,조회 425,2023.01.05 14:54:18,https://gall.dcinside.com/mgallery/board/view/?id=samilth&no=339&page=2
기계과 1학년중에 최종원 아시는분?,,학교에서 어떰,"맨유 2022.12.12 02:37:04
조회 493 추천 2 댓글 3",추천 2,조회 493,2022.12.12 02:37:04,https://gall.dcinside.com/mgallery/board/view/?id=samilth&no=338&page=2
레저과 특,,"가오만 존나잡음
실속 없음
반박시 저능
- dc official App","ㅇㅇ(223.38) 2022.11.30 20:50:10
조회 688 추천 4 댓글 3",추천 4,조회 688,2022.11.30 20:50:10,https://gall.dcinside.com/mgallery/board/view/?id=samilth&no=336&page=2
나였음 여기 안온다...,,"현직 고3이다 

삼일공고 다시 중3때로 돌아가면 그냥 얌전히 수원뻉뻉이로 수원인문계 갈거다

인문계가서 3~4등급 받는게 더 낫다

그만큼 더 노력은 해야되는하는데 이런 그지같은데 와서 놀고 먹고 자고 싸고 밖에 안할거면 그냥 인문계나 가라

뭐 씨발 지금 고3애들 졸업여행도 안보내줘~ 고2애들 내년 졸업여행 보내줄생각하고있어

04년들 방치시키기게임 진행중 

그리고 막 취업률 100% 이지랄하는데 병신같은 좆소가 대부분이고 좋은곳은 많아봐야 1~2개가 끝인거 같다

절대 도제는 하지마라 애들보면 학교오면 자고 평균내신 6~7이다

그래도 정작 올거면 들어오자마자 공무원 준비하던가 큰거 준비해라

그리고 선생들 겉모습만 좋음 ㅇㅇ 이번에 신입생 300명 정도던데 개불쌍하다

가끔 좋은 선생""님""들도 있고 병신같은 선생들도 있다 

그냥 오지마라 올거면 수공가라 애들아 삼상이나 삼공은 아니다","123(221.163) 2022.11.16 12:02:25
조회 716 추천 2 댓글 7",추천 2,조회 716,2022.11.16 12:02:25,https://gall.dcinside.com/mgallery/board/view/?id=samilth&no=334&page=2
동수종신기원 1일차,,1,"씨발학교(14.51) 2022.11.16 11:57:03
조회 222 추천 0 댓글 0",추천 0,조회 222,2022.11.16 11:57:03,https://gall.dcinside.com/mgallery/board/view/?id=samilth&no=333&page=2
여기 오면 인생망함?,,내신 150따리 중3인데 여기서 내신 1등급 맞고 공부 열심히 하면 좋은 대학교 갈 수 있다는데 ㄹㅇ임?,"ㅇㅇ(78.159) 2022.11.06 20:46:01
조회 481 추천 0 댓글 2",추천 0,조회 481,2022.11.06 20:46:01,https://gall.dcinside.com/mgallery/board/view/?id=samilth&no=332&page=2
이 학교 좋나요?,,"중3 내신 170정도 되는 학생인데요 학교 홍보 계속 오면서 여기 좋다고 열심히만 하면 대/공기업 갈 수 있다고 하는데
진짜인가요? 코딩 좋아해서 사물인터넷과 갈려고 하는데 사물인터넷과는 어떤가요?","ㅇㅇ(59.18) 2022.11.06 01:01:34
조회 425 추천 0 댓글 3",추천 0,조회 425,2022.11.06 01:01:34,https://gall.dcinside.com/mgallery/board/view/?id=samilth&no=331&page=2
이 학교 웃긴점 .fact,,동수는 남자인사 안받음 ㅋㅋ,"ㅇㅇ(211.114) 2022.08.29 13:08:37
조회 636 추천 3 댓글 2",추천 3,조회 636,2022.08.29 13:08:37,https://gall.dcinside.com/mgallery/board/view/?id=samilth&no=328&page=2
경찰과 제일 ㅂㅅ같은점,,"방학 주말 다 포기하고 공부 존나하는데
년에 경찰합격 많아야 한두명ㅋㅋㅋㅋㅋㅋㅋ
나머지는 싹다 부사관ㅋㅋㅋㅋㅋㅋ
지들이 뭐라도 된것마냥 경찰 정복 따라한 교복 입고댕기는데
현실은 그냥 오또케 오또케 여경 양성소
제일 이해 안되는 ㅂㅅ과","ㅇㅇ(106.240) 2022.08.25 14:01:44
조회 1226 추천 41 댓글 5",추천 41,조회 1226,2022.08.25 14:01:44,https://gall.dcinside.com/mgallery/board/view/?id=samilth&no=326&page=2
동수씨 발련,,씨발련,"ㅗ(112.149) 2022.07.28 15:57:00
조회 622 추천 12 댓글 0",추천 12,조회 622,2022.07.28 15:57:00,https://gall.dcinside.com/mgallery/board/view/?id=samilth&no=309&page=2
삼일공고 개좆밥들아ㅋㅋ,,"수원고로 와라 싸우게
- dc official App","ㅇㅇ(211.114) 2022.06.27 13:45:55
조회 641 추천 3 댓글 2",추천 3,조회 641,2022.06.27 13:45:55,https://gall.dcinside.com/mgallery/board/view/?id=samilth&no=278&page=2
안녕 게이들아 3학년이다,,질문 싹다 받는다 궁금한거 있냐?,"여긴안된다...(121.137) 2022.06.19 00:28:00
조회 468 추천 0 댓글 2",추천 0,조회 468,2022.06.19 00:28:00,https://gall.dcinside.com/mgallery/board/view/?id=samilth&no=269&page=2
게이들아...,,고민이다...요즘 육덕녀가 ㅈㄴ 꼴린다.길 가다가도 청바지 입은 육덕보면 스틱이 바로 슨다.이게 정상이냐?,"Se ex(175.195) 2022.06.16 02:15:52
조회 331 추천 0 댓글 2",추천 0,조회 331,2022.06.16 02:15:52,https://gall.dcinside.com/mgallery/board/view/?id=samilth&no=264&page=2
여기 갤주는 누구냐,,김동수임?,"ㅇㅇ(211.114) 2022.06.13 15:05:37
조회 261 추천 1 댓글 0",추천 1,조회 261,2022.06.13 15:05:37,https://gall.dcinside.com/mgallery/board/view/?id=samilth&no=262&page=2
니네가 아무리 뭐라고 그래도,,"선생이라는 칭호도 아까운 사물과 권ㅇㅎ가 개 병신 머저리새끼라는건 변함없다.

난 어쩌다 저런 새끼가 선생이 된 건지 당최 이해를 할 수가 없다.

개인적으로 김동수보다 싫음. 걘 최소한 나한테 직접적인 피해는 안 주거든.

아무튼 씨발년아 선생질 그따위로 할 거면 걍 접어라 ㅋ

ㄹㅇ 그냥 관련 전공 대학생이 와도 니보단 훨씬 잘 가르칠 듯?

- H동 쓰는 김XX가","ㅇㅇ(223.38) 2022.06.05 23:35:09
조회 284 추천 1 댓글 0",추천 1,조회 284,2022.06.05 23:35:09,https://gall.dcinside.com/mgallery/board/view/?id=samilth&no=253&page=2
삼공으로 전학가서 대학갈려하는데 어때요?,,"올1등급맞고 대학가고싶어요
- dc official App","ㅇㅇ(175.123) 2022.06.03 21:15:40
조회 491 추천 0 댓글 3",추천 0,조회 491,2022.06.03 21:15:40,https://gall.dcinside.com/mgallery/board/view/?id=samilth&no=250&page=2
아니 급식 씨발 왜 3학년이 마지막인데,,"ㅈㄱㄴ
이런 개씨발 학교 왜 이러는거야 도대체","ㅇㅇ(221.163) 2022.06.02 14:44:30
조회 314 추천 1 댓글 0",추천 1,조회 314,2022.06.02 14:44:30,https://gall.dcinside.com/mgallery/board/view/?id=samilth&no=248&page=2
하 시발 돼지년들 보면 왤캐 패고싶냐,,"학교 다니다보면다리 하나 두께가 성인 남성 몸통만한 여자애들 자주 보이던데
제발 살좀 빼면 안되냐 못빼겠으면 치마라도 입지 말던가
보는 사람 생각은 안하는건가","ㅇㅇ(125.178) 2022.05.21 17:14:58
조회 683 추천 8 댓글 1",추천 8,조회 683,2022.05.21 17:14:58,https://gall.dcinside.com/mgallery/board/view/?id=samilth&no=235&page=2
삼일공고 ㄹㅇ 망했다,,"김동수 헤응
- dc official App","코잉히 2022.05.11 13:29:36
조회 287 추천 0 댓글 0",추천 0,조회 287,2022.05.11 13:29:36,https://gall.dcinside.com/mgallery/board/view/?id=samilth&no=227&page=2
애들아 아직도 학교 잘 다니냐,,"잼는사건들 없노
- dc official App","ㅇㅇ(182.211) 2022.05.06 05:25:19
조회 238 추천 0 댓글 0",추천 0,조회 238,2022.05.06 05:25:19,https://gall.dcinside.com/mgallery/board/view/?id=samilth&no=225&page=2
개꼰대가오충과,,05 레저과,"ㅇㅇ(221.150) 2022.04.25 23:08:42
조회 547 추천 7 댓글 4",추천 7,조회 547,2022.04.25 23:08:42,https://gall.dcinside.com/mgallery/board/view/?id=samilth&no=224&page=3
개병신 애미뒤진 학교 아니랄까봐,,"병신 틀딱 꼰대새끼들이 너무 많노
교복갖고 ㅈㄹ하는거 진짜 개싸대기 마렵네","ㅇㅇ(125.178) 2022.04.22 07:44:23
조회 571 추천 5 댓글 2",추천 5,조회 571,2022.04.22 07:44:23,https://gall.dcinside.com/mgallery/board/view/?id=samilth&no=223&page=3
응기잇 특공대 가입하실분 디엠,,khan-ride out 많이 들어주세요,"고죠 사토루(211.114) 2022.04.11 12:21:30
조회 254 추천 0 댓글 1",추천 0,조회 254,2022.04.11 12:21:30,https://gall.dcinside.com/mgallery/board/view/?id=samilth&no=222&page=3
중라이다,,게토스그루,"최우성(211.114) 2022.04.11 12:20:41
조회 157 추천 0 댓글 0",추천 0,조회 157,2022.04.11 12:20:41,https://gall.dcinside.com/mgallery/board/view/?id=samilth&no=221&page=3
삼일공고 ㄹㅇ 망했다,,응기잇,"최우성(211.114) 2022.04.11 12:20:00
조회 543 추천 1 댓글 0",추천 1,조회 543,2022.04.11 12:20:00,https://gall.dcinside.com/mgallery/board/view/?id=samilth&no=220&page=3
삼일공고 재학생 최우성 한마디합니다,,"학교 욕을 할때는 근거를 제시하고 객관적으로 합시다!
-삼일공고 최우성-","최우성(211.114) 2022.04.11 11:37:47
조회 731 추천 2 댓글 4",추천 2,조회 731,2022.04.11 11:37:47,https://gall.dcinside.com/mgallery/board/view/?id=samilth&no=219&page=3
경찰과 특,,ㅂㅅ같은 여경 오또케 양성소,"ㅇㅇ(125.178) 2022.03.24 07:29:44
조회 968 추천 23 댓글 2",추천 23,조회 968,2022.03.24 07:29:44,https://gall.dcinside.com/mgallery/board/view/?id=samilth&no=218&page=3
노무현,,노무현,"ㅇㅇ(110.14) 2022.03.19 22:19:28
조회 265 추천 0 댓글 3",추천 0,조회 265,2022.03.19 22:19:28,https://gall.dcinside.com/mgallery/board/view/?id=samilth&no=216&page=3
삼일공고 이름 바뀌었네? 우리때 개양아치학교였는데,,"그옆에 상일여고 애들 걸레들 많아서
삼일 공고애들 술마시면서 술 먹이고 돌림빵하고
그러다 애 임심해서 지랄난 경우 종종있었는데","ㄷㄷ(220.71) 2022.03.11 13:47:49
조회 3712 추천 5 댓글 3",추천 5,조회 3712,2022.03.11 13:47:49,https://gall.dcinside.com/mgallery/board/view/?id=samilth&no=215&page=3
내 인생 최고의 후회 삼일공업고등학교,,"학교에서 암만 열심히해봤자 취업시장에서는 
고졸이라고 무시하고 어리다고 무시함
그래서 개빡쳐서 4년제 대학 가려고 말버둥치다가 
입학하게 되었다 
아무리 논리 적으로 생각해도 대학 입학전 사작배우는 전공부업만해도 이미 
특성화고 1년반 정도의 수업의 질이다 그 이상일 수도 있고 
몇몇 선생 같지도 않은 사람은 ㅈ도 없으면서 있는척하고 부심부리고 ㅋㅋㅋㅋㅋㅋㅋㅋㅋㅋㅋㅋㅋㅋㅋㅋㅋㅋㅋㅋㅋㅋ
진짜 한숨 밖에 안나온다 제발 부탁한다 양심있으면 대학이라도 잘가게 가르치던가 ㅋㅋㅋㅋㅋㅋㅋㅋㅋㅋ
공부 진짜 ㅈ도 안하는 애들은 상관없는데 
홍보부 시켜서 애들에게 사기치고 내신 150정도 되는 애들 델고 뭐하는거얔ㅋㅋㅋㅋㅋㅋ
진짜 양심있으면 그런애들은 일반고 보내자... 헤여","ㅋㅋㅋㅋ(223.38) 2022.02.20 15:49:52
조회 1085 추천 10 댓글 13",추천 10,조회 1085,2022.02.20 15:49:52,https://gall.dcinside.com/mgallery/board/view/?id=samilth&no=214&page=3
삼일공고 ㄹㅇ 망했다,,ㄹㅇ,"Adidаsz 2022.02.18 06:57:42
조회 261 추천 1 댓글 0",추천 1,조회 261,2022.02.18 06:57:42,https://gall.dcinside.com/mgallery/board/view/?id=samilth&no=213&page=3
삼일공고 ㄹㅇ 망했다,,ㄹㅇ,"Adidаsz 2022.02.17 06:29:58
조회 69 추천 1 댓글 0",추천 1,조회 69,2022.02.17 06:29:58,https://gall.dcinside.com/mgallery/board/view/?id=samilth&no=212&page=3
삼일공고 ㄹㅇ 망했다,,ㄹㅇ,"Adidаsz 2022.02.16 07:37:48
조회 48 추천 1 댓글 0",추천 1,조회 48,2022.02.16 07:37:48,https://gall.dcinside.com/mgallery/board/view/?id=samilth&no=211&page=3
삼일공고 ㄹㅇ 망했다,,ㄹㅇ,"Adidаsz 2022.02.15 02:04:33
조회 43 추천 1 댓글 0",추천 1,조회 43,2022.02.15 02:04:33,https://gall.dcinside.com/mgallery/board/view/?id=samilth&no=210&page=3
삼일공고 ㄹㅇ 망했다,,ㄹㅇ,"Adidаs 2022.02.14 03:48:03
조회 52 추천 1 댓글 0",추천 1,조회 52,2022.02.14 03:48:03,https://gall.dcinside.com/mgallery/board/view/?id=samilth&no=209&page=3
삼일공고 ㄹㅇ 망했다,,ㄹㅇ,"Adidаs 2022.02.13 00:59:30
조회 32 추천 1 댓글 0",추천 1,조회 32,2022.02.13 00:59:30,https://gall.dcinside.com/mgallery/board/view/?id=samilth&no=208&page=3
삼일공고 ㄹㅇ 망했다,,ㄹㅇ,"Adidаs 2022.02.12 10:59:38
조회 37 추천 1 댓글 0",추천 1,조회 37,2022.02.12 10:59:38,https://gall.dcinside.com/mgallery/board/view/?id=samilth&no=207&page=3
삼일공고 ㄹㅇ 망했다,,ㄹㅇ,"Adidаs 2022.02.10 04:56:13
조회 33 추천 1 댓글 0",추천 1,조회 33,2022.02.10 04:56:13,https://gall.dcinside.com/mgallery/board/view/?id=samilth&no=206&page=3
삼일공고 ㄹㅇ 망했다,,ㄹㅇ,"Adidаs 2022.02.09 02:50:29
조회 73 추천 1 댓글 0",추천 1,조회 73,2022.02.09 02:50:29,https://gall.dcinside.com/mgallery/board/view/?id=samilth&no=205&page=3
삼일공고 ㄹㅇ 망했다,,ㄹㅇ,"Adidаs 2022.02.08 05:40:00
조회 37 추천 1 댓글 0",추천 1,조회 37,2022.02.08 05:40:00,https://gall.dcinside.com/mgallery/board/view/?id=samilth&no=204&page=3
삼일공고 ㄹㅇ 망했다,,ㄹㅇ,"Adidаs 2022.02.07 00:08:10
조회 65 추천 1 댓글 0",추천 1,조회 65,2022.02.07 00:08:10,https://gall.dcinside.com/mgallery/board/view/?id=samilth&no=203&page=3
삼일공고 ㄹㅇ 망했다,,ㄹㅇ,"Adidаs 2022.02.06 01:34:06
조회 30 추천 1 댓글 0",추천 1,조회 30,2022.02.06 01:34:06,https://gall.dcinside.com/mgallery/board/view/?id=samilth&no=202&page=3
삼일공고 ㄹㅇ 망했다,,ㄹㅇ,"Adidаs 2022.02.05 11:17:58
조회 26 추천 1 댓글 0",추천 1,조회 26,2022.02.05 11:17:58,https://gall.dcinside.com/mgallery/board/view/?id=samilth&no=201&page=3
삼일공고 ㄹㅇ 망했다,,ㄹㅇ,"Adidаs 2022.02.04 00:08:10
조회 35 추천 1 댓글 0",추천 1,조회 35,2022.02.04 00:08:10,https://gall.dcinside.com/mgallery/board/view/?id=samilth&no=200&page=3
삼일공고 ㄹㅇ 망했다,,ㄹㅇ,"Adidаs 2022.02.03 00:01:05
조회 26 추천 1 댓글 0",추천 1,조회 26,2022.02.03 00:01:05,https://gall.dcinside.com/mgallery/board/view/?id=samilth&no=199&page=3
삼일공고 ㄹㅇ 망했다,,ㄹㅇ,"Adidаs 2022.02.02 00:04:02
조회 26 추천 1 댓글 0",추천 1,조회 26,2022.02.02 00:04:02,https://gall.dcinside.com/mgallery/board/view/?id=samilth&no=198&page=3
삼일공고 ㄹㅇ 망했다,,ㄹㅇ,"Adidаs 2022.02.01 00:38:49
조회 24 추천 1 댓글 0",추천 1,조회 24,2022.02.01 00:38:49,https://gall.dcinside.com/mgallery/board/view/?id=samilth&no=197&page=3
삼일공고 ㄹㅇ 망했다,,ㄹㅇ,"Adidаs 2022.01.31 01:25:10
조회 27 추천 1 댓글 0",추천 1,조회 27,2022.01.31 01:25:10,https://gall.dcinside.com/mgallery/board/view/?id=samilth&no=196&page=3
삼일공고 ㄹㅇ 망했다,,ㄹㅇ,"Adidаs 2022.01.30 00:16:35
조회 33 추천 1 댓글 0",추천 1,조회 33,2022.01.30 00:16:35,https://gall.dcinside.com/mgallery/board/view/?id=samilth&no=195&page=3
삼일공고 ㄹㅇ 망했다,,ㄹㅇ,"Adidаs 2022.01.29 00:40:47
조회 20 추천 1 댓글 0",추천 1,조회 20,2022.01.29 00:40:47,https://gall.dcinside.com/mgallery/board/view/?id=samilth&no=194&page=3
삼일공고 ㄹㅇ 망했다,,ㄹㅇ,"Adidаs 2022.01.28 03:51:03
조회 20 추천 1 댓글 0",추천 1,조회 20,2022.01.28 03:51:03,https://gall.dcinside.com/mgallery/board/view/?id=samilth&no=193&page=3
삼일공고 ㄹㅇ 망했다,,ㄹㅇ,"Adidаs 2022.01.27 00:00:23
조회 19 추천 1 댓글 0",추천 1,조회 19,2022.01.27 00:00:23,https://gall.dcinside.com/mgallery/board/view/?id=samilth&no=192&page=3
삼일공고 ㄹㅇ 망했다,,ㄹㅇ,"Adidаs 2022.01.26 03:35:42
조회 30 추천 1 댓글 0",추천 1,조회 30,2022.01.26 03:35:42,https://gall.dcinside.com/mgallery/board/view/?id=samilth&no=191&page=3
삼일공고 ㄹㅇ 망했다,,ㄹㅇ,"kаntrawls 2022.01.25 00:01:21
조회 19 추천 0 댓글 0",추천 0,조회 19,2022.01.25 00:01:21,https://gall.dcinside.com/mgallery/board/view/?id=samilth&no=190&page=3
삼일공고 ㄹㅇ 망했다,,ㄹㅇ,"kаntrawls 2022.01.24 02:01:28
조회 22 추천 1 댓글 0",추천 1,조회 22,2022.01.24 02:01:28,https://gall.dcinside.com/mgallery/board/view/?id=samilth&no=189&page=3
삼일공고 ㄹㅇ 망했다,,ㄹㅇ,"kаntrawls 2022.01.23 00:45:35
조회 27 추천 1 댓글 0",추천 1,조회 27,2022.01.23 00:45:35,https://gall.dcinside.com/mgallery/board/view/?id=samilth&no=188&page=3
삼일공고 ㄹㅇ 망했다,,ㄹㅇ,"kаntrawls 2022.01.22 01:43:02
조회 26 추천 1 댓글 0",추천 1,조회 26,2022.01.22 01:43:02,https://gall.dcinside.com/mgallery/board/view/?id=samilth&no=187&page=3
삼일공고 ㄹㅇ 망했다,,ㄹㅇ,"kаntrawls 2022.01.21 23:00:08
조회 22 추천 1 댓글 0",추천 1,조회 22,2022.01.21 23:00:08,https://gall.dcinside.com/mgallery/board/view/?id=samilth&no=186&page=3
삼일공고 ㄹㅇ 망했다,,ㄹㅇ,"kаntrawls 2022.01.20 00:17:07
조회 35 추천 1 댓글 0",추천 1,조회 35,2022.01.20 00:17:07,https://gall.dcinside.com/mgallery/board/view/?id=samilth&no=185&page=3
삼일공고 ㄹㅇ 망했다,,ㄹㅇ,"kаntrawls 2022.01.19 00:13:05
조회 28 추천 1 댓글 0",추천 1,조회 28,2022.01.19 00:13:05,https://gall.dcinside.com/mgallery/board/view/?id=samilth&no=184&page=3
삼일공고 ㄹㅇ 망했다,,ㄹㅇ,"kаntrawls 2022.01.18 05:01:29
조회 22 추천 1 댓글 0",추천 1,조회 22,2022.01.18 05:01:29,https://gall.dcinside.com/mgallery/board/view/?id=samilth&no=183&page=3
삼일공고 ㄹㅇ 망했다,,ㄹㅇ,"kаntrawls 2022.01.17 05:34:32
조회 41 추천 1 댓글 0",추천 1,조회 41,2022.01.17 05:34:32,https://gall.dcinside.com/mgallery/board/view/?id=samilth&no=182&page=3
삼일공고 ㄹㅇ 망했다,,ㄹㅇ,"kаntrawls 2022.01.16 01:35:38
조회 27 추천 1 댓글 0",추천 1,조회 27,2022.01.16 01:35:38,https://gall.dcinside.com/mgallery/board/view/?id=samilth&no=181&page=3
다들 삼공 안 좋다고 ㅈㄹ하는데,,"그냥 ㅅㅂ 학교가 ㅂㅅ이거나 우리가 ㅂㅅ이거나 둘 중 하나다 그냥 삼공 갤러리에서 지랄하지 말고 현생 살아

난 해방이다 수고해 삼공인들아","ㅇㅇ(211.33) 2022.01.15 16:32:33
조회 460 추천 3 댓글 0",추천 3,조회 460,2022.01.15 16:32:33,https://gall.dcinside.com/mgallery/board/view/?id=samilth&no=180&page=3
삼일공고 ㄹㅇ 망했다,,ㄹㅇ,"kаntrawls 2022.01.15 03:47:06
조회 39 추천 1 댓글 0",추천 1,조회 39,2022.01.15 03:47:06,https://gall.dcinside.com/mgallery/board/view/?id=samilth&no=179&page=3
삼일공고 ㄹㅇ 망했다,,ㄹㅇ,"kаntrawls 2022.01.14 01:26:05
조회 22 추천 1 댓글 0",추천 1,조회 22,2022.01.14 01:26:05,https://gall.dcinside.com/mgallery/board/view/?id=samilth&no=178&page=3
삼일공고 ㄹㅇ 망했다,,ㄹㅇ,"kаntrawls 2022.01.13 01:14:16
조회 19 추천 1 댓글 0",추천 1,조회 19,2022.01.13 01:14:16,https://gall.dcinside.com/mgallery/board/view/?id=samilth&no=177&page=3
삼일공고 ㄹㅇ 망했다,,ㄹㅇ,"kаntrawls 2022.01.12 00:19:48
조회 23 추천 1 댓글 0",추천 1,조회 23,2022.01.12 00:19:48,https://gall.dcinside.com/mgallery/board/view/?id=samilth&no=176&page=3
삼일공고 ㄹㅇ 망했다,,ㄹㅇ,"kаntrawls 2022.01.11 21:36:14
조회 24 추천 1 댓글 0",추천 1,조회 24,2022.01.11 21:36:14,https://gall.dcinside.com/mgallery/board/view/?id=samilth&no=175&page=3
삼일공고 ㄹㅇ 망했다,,ㄹㅇ,"kаntrawls 2022.01.10 01:02:15
조회 30 추천 1 댓글 0",추천 1,조회 30,2022.01.10 01:02:15,https://gall.dcinside.com/mgallery/board/view/?id=samilth&no=174&page=3
좆소 간다 ㅆ1발,,하 인생 ㅈ됬노 ㅆ발,"ㅇㅇ(211.176) 2022.01.09 03:57:46
조회 400 추천 1 댓글 2",추천 1,조회 400,2022.01.09 03:57:46,https://gall.dcinside.com/mgallery/board/view/?id=samilth&no=173&page=4
삼일공고 ㄹㅇ 망했다,,ㄹㅇ,"kаntrawls 2022.01.09 00:30:07
조회 48 추천 1 댓글 0",추천 1,조회 48,2022.01.09 00:30:07,https://gall.dcinside.com/mgallery/board/view/?id=samilth&no=172&page=4
삼일공고 ㄹㅇ 망했다,,ㄹㅇ,"kаntrawls 2022.01.08 02:37:48
조회 21 추천 1 댓글 0",추천 1,조회 21,2022.01.08 02:37:48,https://gall.dcinside.com/mgallery/board/view/?id=samilth&no=171&page=4
삼일공고 ㄹㅇ 망했다,,ㄹㅇ,"kаntrawls 2022.01.07 03:29:45
조회 21 추천 1 댓글 0",추천 1,조회 21,2022.01.07 03:29:45,https://gall.dcinside.com/mgallery/board/view/?id=samilth&no=170&page=4
삼일공고 ㄹㅇ 망했다,,ㄹㅇ,"kаntrawls 2022.01.06 00:02:26
조회 21 추천 1 댓글 0",추천 1,조회 21,2022.01.06 00:02:26,https://gall.dcinside.com/mgallery/board/view/?id=samilth&no=169&page=4
삼일공고 ㄹㅇ 망했다,,ㄹㅇ,"kаntrawls 2022.01.05 01:19:12
조회 20 추천 1 댓글 0",추천 1,조회 20,2022.01.05 01:19:12,https://gall.dcinside.com/mgallery/board/view/?id=samilth&no=168&page=4
삼일공고 ㄹㅇ 망했다,,ㄹㅇ,"kаntrawls 2022.01.04 02:42:00
조회 19 추천 1 댓글 0",추천 1,조회 19,2022.01.04 02:42:00,https://gall.dcinside.com/mgallery/board/view/?id=samilth&no=167&page=4
삼일공고 ㄹㅇ 망했다,,ㄹㅇ,"kаntrawls 2022.01.03 17:48:41
조회 29 추천 1 댓글 0",추천 1,조회 29,2022.01.03 17:48:41,https://gall.dcinside.com/mgallery/board/view/?id=samilth&no=166&page=4
삼일공고 ㄹㅇ 망했다,,ㄹㅇ,"kаntrawls 2022.01.02 15:20:48
조회 25 추천 1 댓글 0",추천 1,조회 25,2022.01.02 15:20:48,https://gall.dcinside.com/mgallery/board/view/?id=samilth&no=165&page=4
삼일공고 올해도 좆망할 예정,,ㄹㅇ,"kаntrawls 2022.01.01 23:08:34
조회 252 추천 2 댓글 0",추천 2,조회 252,2022.01.01 23:08:34,https://gall.dcinside.com/mgallery/board/view/?id=samilth&no=164&page=4
삼일공고 ㄹㅇ 망했다,,ㄹㅇ,"kаntrawls 2021.12.31 00:58:06
조회 38 추천 1 댓글 0",추천 1,조회 38,2021.12.31 00:58:06,https://gall.dcinside.com/mgallery/board/view/?id=samilth&no=163&page=4
삼일공고 ㄹㅇ 망했다,,ㄹㅇ,"10 2021.12.30 07:40:59
조회 28 추천 1 댓글 0",추천 1,조회 28,2021.12.30 07:40:59,https://gall.dcinside.com/mgallery/board/view/?id=samilth&no=162&page=4
삼일공고 ㄹㅇ 망했다,,ㄹㅇ,"10 2021.12.29 00:11:28
조회 23 추천 1 댓글 0",추천 1,조회 23,2021.12.29 00:11:28,https://gall.dcinside.com/mgallery/board/view/?id=samilth&no=161&page=4
삼일공고 ㄹㅇ 망했다,,ㄹㅇ,"10 2021.12.28 00:53:15
조회 22 추천 1 댓글 0",추천 1,조회 22,2021.12.28 00:53:15,https://gall.dcinside.com/mgallery/board/view/?id=samilth&no=160&page=4
삼일공고 ㄹㅇ 망했다,,ㄹㅇ,"중한노 2021.12.27 02:01:11
조회 27 추천 1 댓글 0",추천 1,조회 27,2021.12.27 02:01:11,https://gall.dcinside.com/mgallery/board/view/?id=samilth&no=159&page=4
삼일공고 ㄹㅇ 망했다,,ㄹㅇ,"중한노 2021.12.26 01:58:22
조회 27 추천 1 댓글 0",추천 1,조회 27,2021.12.26 01:58:22,https://gall.dcinside.com/mgallery/board/view/?id=samilth&no=158&page=4
삼일공고 ㄹㅇ 망했다,,ㄹㅇ,"중한노 2021.12.25 23:01:37
조회 30 추천 1 댓글 0",추천 1,조회 30,2021.12.25 23:01:37,https://gall.dcinside.com/mgallery/board/view/?id=samilth&no=157&page=4
삼일공고 ㄹㅇ 망했다,,ㄹㅇ,"중한노 2021.12.24 02:18:03
조회 31 추천 1 댓글 0",추천 1,조회 31,2021.12.24 02:18:03,https://gall.dcinside.com/mgallery/board/view/?id=samilth&no=156&page=4
삼일공고 ㄹㅇ 망했다,,ㄹㅇ,"중한노 2021.12.23 00:01:15
조회 35 추천 1 댓글 0",추천 1,조회 35,2021.12.23 00:01:15,https://gall.dcinside.com/mgallery/board/view/?id=samilth&no=155&page=4
삼일공고 ㄹㅇ 망했다,,ㄹㅇ,"중한노 2021.12.22 03:18:37
조회 24 추천 1 댓글 0",추천 1,조회 24,2021.12.22 03:18:37,https://gall.dcinside.com/mgallery/board/view/?id=samilth&no=154&page=4
삼일공고 ㄹㅇ 망했다,,ㄹㅇ,"중한노 2021.12.21 02:02:20
조회 26 추천 1 댓글 0",추천 1,조회 26,2021.12.21 02:02:20,https://gall.dcinside.com/mgallery/board/view/?id=samilth&no=153&page=4
삼일공고 ㄹㅇ 망했다,,ㄹㅇ,"중한노 2021.12.20 08:31:48
조회 24 추천 1 댓글 0",추천 1,조회 24,2021.12.20 08:31:48,https://gall.dcinside.com/mgallery/board/view/?id=samilth&no=152&page=4
삼일공고 ㄹㅇ 망했다,,ㄹㅇ,"중한노 2021.12.19 14:18:28
조회 30 추천 1 댓글 0",추천 1,조회 30,2021.12.19 14:18:28,https://gall.dcinside.com/mgallery/board/view/?id=samilth&no=151&page=4
삼일공고 ㄹㅇ 망했다,,ㄹㅇ,"중한노 2021.12.18 02:29:13
조회 28 추천 1 댓글 0",추천 1,조회 28,2021.12.18 02:29:13,https://gall.dcinside.com/mgallery/board/view/?id=samilth&no=150&page=4
삼일공고 ㄹㅇ 망했다,,ㄹㅇ,"중한노 2021.12.17 01:15:25
조회 74 추천 1 댓글 1",추천 1,조회 74,2021.12.17 01:15:25,https://gall.dcinside.com/mgallery/board/view/?id=samilth&no=148&page=4
삼일공고 ㄹㅇ 망했다,,ㄹㅇ,"중한노 2021.12.16 00:59:45
조회 28 추천 1 댓글 0",추천 1,조회 28,2021.12.16 00:59:45,https://gall.dcinside.com/mgallery/board/view/?id=samilth&no=147&page=4
삼일공고 ㄹㅇ 망했다,,ㄹㅇ,"중한노 2021.12.15 04:39:03
조회 19 추천 1 댓글 0",추천 1,조회 19,2021.12.15 04:39:03,https://gall.dcinside.com/mgallery/board/view/?id=samilth&no=146&page=4
삼일공고 ㄹㅇ 망했다,,ㄹㅇ,"중한노 2021.12.14 23:57:54
조회 23 추천 1 댓글 0",추천 1,조회 23,2021.12.14 23:57:54,https://gall.dcinside.com/mgallery/board/view/?id=samilth&no=145&page=4
삼일공고 ㄹㅇ 망했다,,ㄹㅇ,"중한노 2021.12.13 01:10:22
조회 41 추천 1 댓글 0",추천 1,조회 41,2021.12.13 01:10:22,https://gall.dcinside.com/mgallery/board/view/?id=samilth&no=144&page=4
삼일공고 ㄹㅇ 망했다,,ㄹㅇ,"중한노 2021.12.12 01:31:50
조회 35 추천 1 댓글 0",추천 1,조회 35,2021.12.12 01:31:50,https://gall.dcinside.com/mgallery/board/view/?id=samilth&no=143&page=4
삼일공고 ㄹㅇ 망했다,,ㄹㅇ,"중한노 2021.12.11 01:59:13
조회 40 추천 1 댓글 0",추천 1,조회 40,2021.12.11 01:59:13,https://gall.dcinside.com/mgallery/board/view/?id=samilth&no=142&page=4
공지,,"학생여러분 좋은 글을 쓰며 좋은 마음가짐을 가져야 하나님의 나라에 들어갈 수 있습니다.
학우 여러분들께 도움이될 만한 글들만 작성하는 게시판이 되었으면 하는 마음에서 작성해봅니다.
자격증 파이팅","김동수(211.114) 2021.12.10 14:58:25
조회 293 추천 4 댓글 2",추천 4,조회 293,2021.12.10 14:58:25,https://gall.dcinside.com/mgallery/board/view/?id=samilth&no=141&page=4
슬슬 완장 바꿔야겠다 개추,,먼 1년째 잠수노 씹,"중한노 2021.12.10 00:37:26
조회 569 추천 15 댓글 7",추천 15,조회 569,2021.12.10 00:37:26,https://gall.dcinside.com/mgallery/board/view/?id=samilth&no=140&page=4
삼일공고 ㄹㅇ 망했다,,ㄹㅇ,"중한노 2021.12.10 00:05:17
조회 54 추천 1 댓글 0",추천 1,조회 54,2021.12.10 00:05:17,https://gall.dcinside.com/mgallery/board/view/?id=samilth&no=139&page=4
아니 김동수 교장선생님 왜 욕함?,,"진짜 존경스럽고 완벽한 선생님이시고 학교를 위해 헌신,봉사해주시는 선생님이신데 왜 욕함?
김동수 교장선생님 믿고 좋은곳 취직, 진학하자!! 삼일공고 화이팅! 100년이 넘는 역사와 전통을 자랑하는 민족학교 화이팅! 임면수 선생님 이하영 목사님의 뜻을 이어받자!","아니(223.38) 2021.12.09 22:35:02
조회 927 추천 41 댓글 6",추천 41,조회 927,2021.12.09 22:35:02,https://gall.dcinside.com/mgallery/board/view/?id=samilth&no=138&page=4
삼일공고 ㄹㅇ 망했다,,ㄹㅇ,"중한노 2021.12.09 02:25:45
조회 40 추천 1 댓글 0",추천 1,조회 40,2021.12.09 02:25:45,https://gall.dcinside.com/mgallery/board/view/?id=samilth&no=137&page=4
삼일공고 ㄹㅇ 망했다,,ㄹㅇ,"중한노 2021.12.08 00:49:51
조회 70 추천 1 댓글 1",추천 1,조회 70,2021.12.08 00:49:51,https://gall.dcinside.com/mgallery/board/view/?id=samilth&no=136&page=4
삼일공고 ㄹㅇ 망했다,,ㄹㅇ,"중한노 2021.12.07 10:47:31
조회 29 추천 1 댓글 0",추천 1,조회 29,2021.12.07 10:47:31,https://gall.dcinside.com/mgallery/board/view/?id=samilth&no=134&page=4
삼일공고 ㄹㅇ 망했다,,ㄹㅇ,"중한노 2021.12.06 00:09:48
조회 40 추천 1 댓글 0",추천 1,조회 40,2021.12.06 00:09:48,https://gall.dcinside.com/mgallery/board/view/?id=samilth&no=133&page=4
삼일공고 ㄹㅇ 망했다,,ㄹㅇ,"중한노 2021.12.05 00:47:12
조회 23 추천 1 댓글 0",추천 1,조회 23,2021.12.05 00:47:12,https://gall.dcinside.com/mgallery/board/view/?id=samilth&no=132&page=4
삼일공고 ㄹㅇ 망했다,,ㄹㅇ,"중한노 2021.12.04 02:46:01
조회 33 추천 1 댓글 0",추천 1,조회 33,2021.12.04 02:46:01,https://gall.dcinside.com/mgallery/board/view/?id=samilth&no=131&page=4
삼일공고 ㄹㅇ 망했다,,ㄹㅇ,"중한노 2021.12.03 19:20:57
조회 84 추천 2 댓글 1",추천 2,조회 84,2021.12.03 19:20:57,https://gall.dcinside.com/mgallery/board/view/?id=samilth&no=130&page=4
이봐 거기가 아니라고 좀 더 아래야 아래,,"""흐읏 네에에엣""
김동수의 흐릿한 목소리가 방안을 애워쌌다
이내 짙은 남성이 내뱉는 신음소리가 김동수를 쫓아가기라도 하듯 거칠게 방안에서 울려퍼졌다
""하아... 그렇게 빨아선 하루종일 걸린다고?""
""네... 네엣 읍!""
이내 남자는 김동수가 하려던 말이 듣기 싫다는 듯
동수의 목을 붙잡고 자신의 자지에 밀어넣었다
""어때 기분 좋냐? 이렇게 해주는게 기분이 좋은거겠지?""
동수는 필사적으로 말하려고했지만 거칠게 움직여대는 남자의 힘에 이기지 못하고 결국 말하지 못했다
뷰류루루루룻 뷰룻 뷰룻

짙은 애액이 자신의 입에 들어왔음을 직감한 동수는 이내 그 맛을 음미하였다
""맛있게 먹는 꼬라지하고는""
비아냥대는 남성의 말을 반찬삼은건지 그게 아니라면
마치 오랜시간 굶던 사자가 단숨에 먹잇감을 찾아내 잡아먹는것처럼
허겁지겁 남성의 정액을 들이키는건지
동수의 정액을 삼키는 속도는 더욱 빨라졌다

""눕기나 해, 돼지같은 짐승새끼""
남성의 발에 걷어채여진 동수는 발기된 자지조차 감추지 못하고
그대로 힘없이 가을에 떨어지는 낙엽처럼 침대에 쓰러져버렸다
방안의 벽시계를 바라본 남성은 쓰러진 동수를 향해서 속삭였다
""걱정마 밤은 길거든""
""네에엣 금태양 주인님""
동수의 말에 금태양은 어딘가 기분이 안좋았던 것일까
언짢은 표정이 얼굴을 통해 드러나더니 동수의 자지를 자신의 발로 서서히 짓눌렀다
""함부로 이름 말하지 말랬지""
이내 금태양은 동수를 엎드리도록 명령한채 동수의 똥꾸멍에 딜도를 꺼내들어 단숨에 박아쳐넣었다
깊고도 높은 동수의 신음소리가 방안을 애워싸자 금태양은 만족한건지
그 딜도를 사정없이 피스톤질 하기 시작했다
얼마나 시간이 지났을까
동수는 참지못하고 작디 작은 그 자지에서 마치 막혀있던 댐이 무너져 물이 용솟음치듯 폭발하는 것처럼 정액이 쏟아져 나오기 시작했다
침대를 적신 정액을 보자 금태양은 고개를 들어 시계를 바라봤다
""겨우 3분? 3분만에 사정한거야? 좆밥 자지네 허♡접""

금태양은 자신의 놀림에도 단 한마디조차 반박할 수 없을만큼 녹초가 된 동수의 몸을 끌어 안으며 동수의 자지를 어루만졌다
""자 기분좋지? 앞으로 뭘 해줄까?""
금태양의 말에 머뭇거리던 동수는 이내 마음을 다잡은듯 소리쳤다
""자지!!! 저의 좆밥 자지를 직접 손으로 만져서 사정시켜주세요옷!""
동수의 말을 기다렸다는 듯 금태양은 동수의 귓가에 나지막히 속삭였다
""그래, 그러러면 해줘야 할 말이 있어""
금태양의 말이 끝나자 동수는 이내 머뭇거리더니 몸까지 부르르 떨렸다
""하기싫은거야? 그러면 그만두지""
금태양이 동수의 곁에서 벗어나려하자
동수는 잽싸게 금태양의 손을 낚아채며 소리쳤다
""전... 전면등교옷!!!! 지금부터 삼공을 전부 전면등교 시키고 모든 학생들을 수능과 상관없이 학교에 나오라고 시키겠습니다하앙아앗!!!!""
동수의 울부짖음에 만족한 금태양은 화려한 태크닉으로 동수를 단 5초만에 사정시켜버렸다
아니 어쩌면 동수가 토끼였을지도...

그 후 동수의 방 문에서 아주 오랜시간동안 두 남성의 헐떡거림과 신음소리가 새어나오는 것을 마지막으로 이야기는 잠시동안 일단락된다

To be continue.........?



수능 다음날에 학교 쳐보내지 말라고 동수 씨발아","ㅇㅇ(39.7) 2021.11.19 17:51:38
조회 1176 추천 17 댓글 5",추천 17,조회 1176,2021.11.19 17:51:38,https://gall.dcinside.com/mgallery/board/view/?id=samilth&no=127&page=4
삼일공고 안좋음?,,"삼일공고 진학희망하는 중3인데요 집앞에있는 인문계 갈까요 아니면 삼일공고갈까요
참고로 사물인터넷과 희망하고 삼일공고까지는 1시간 30분 걸림","카지노습격마렵네 2021.10.31 18:17:34
조회 639 추천 0 댓글 7",추천 0,조회 639,2021.10.31 18:17:34,https://gall.dcinside.com/mgallery/board/view/?id=samilth&no=126&page=4
여기오던 다른데 가던 너네 하는거 따라 달라진다,,"공부를 열심히 하던 자격증 따서 취업하던
너네 하기 나름인거 같다

배우는 전공 관심없으면 다른거 전공 자격증 공부하거나
내신 챙기던 공시준비해서 성공하길 바란다
- dc official App","ㅇㅇ(223.33) 2021.10.19 23:21:26
조회 272 추천 1 댓글 1",추천 1,조회 272,2021.10.19 23:21:26,https://gall.dcinside.com/mgallery/board/view/?id=samilth&no=124&page=4
재,,재,"ㅇㅇ(106.240) 2021.10.13 09:39:39
조회 109 추천 0 댓글 0",추천 0,조회 109,2021.10.13 09:39:39,https://gall.dcinside.com/mgallery/board/view/?id=samilth&no=120&page=4
삼일공고 앰생들 ㅎㅇ,,이거 보는 앰생새끼들 뭐하러 들어왔노ㅋㅋ 흙수저쉑들,"ㅇㅇ(175.119) 2021.09.26 01:26:01
조회 453 추천 0 댓글 5",추천 0,조회 453,2021.09.26 01:26:01,https://gall.dcinside.com/mgallery/board/view/?id=samilth&no=117&page=4
졸업생인데 도제교육 그거 요즘도 있냐?,,"kt 도제한 졸업생인데
- dc official App","ㅇㅇ(223.38) 2021.09.23 15:31:56
조회 544 추천 0 댓글 9",추천 0,조회 544,2021.09.23 15:31:56,https://gall.dcinside.com/mgallery/board/view/?id=samilth&no=116&page=4
지금 당장 취업 안되는 삼붕이 들어와,,자~~ 일용직 드가자아ㅏ!!!!!,"ㅇㅇ(211.114) 2021.09.17 10:24:24
조회 402 추천 1 댓글 1",추천 1,조회 402,2021.09.17 10:24:24,https://gall.dcinside.com/mgallery/board/view/?id=samilth&no=114&page=4
개병신같은 학교,,전면등교 전면등교 노래부를때부터 알아봤다,"ㅇㅇ(106.101) 2021.09.16 14:15:49
조회 590 추천 0 댓글 4",추천 0,조회 590,2021.09.16 14:15:49,https://gall.dcinside.com/mgallery/board/view/?id=samilth&no=113&page=4
2016년 화공과 탑 누군지 아는넘 있냐,,너무 틀딱인가,"ㅇㅇ(118.34) 2021.09.11 04:25:45
조회 426 추천 0 댓글 2",추천 0,조회 426,2021.09.11 04:25:45,https://gall.dcinside.com/mgallery/board/view/?id=samilth&no=112&page=5
ㅇㅇ,,"이번 년도 졸업하는 중붕이인데 

삼일공고 VS 수원공고

추천좀 ㅋㅋ","ㅇㅇ(211.114) 2021.09.10 13:10:27
조회 213 추천 0 댓글 5",추천 0,조회 213,2021.09.10 13:10:27,https://gall.dcinside.com/mgallery/board/view/?id=samilth&no=110&page=5
ㅇㄱㄱ,,"www.nocutnews.co.kr/news/4857705' target=""_blank"">https://www.nocutnews.co.kr/news/4857705

ㄹㅇ ㅋㅋ","ㅇㅇ(211.114) 2021.09.10 13:06:47
조회 109 추천 0 댓글 0",추천 0,조회 109,2021.09.10 13:06:47,https://gall.dcinside.com/mgallery/board/view/?id=samilth&no=109&page=5
삼일공고 입학하려는데..,,"현재 중3이고 내신이 170 정도되는데 삼일공고 IOT선생님 한분이 저에게 와서 과고 외고 가봤자 코로나 시기에 취업 안되고
서울대 가봤자 취업 힘든데 삼일공고 오면 취업도 시켜주고 전공지식도 배우면서 진로에 대해 생각해 볼 수 있다고 하는데요..
부모님은 그냥 니가 선택해라 하는 식으로 대하시고
살작 공고갈까? 이렇게 생각중이라서 갤봤는데 정말 가면 ㅈ때는 학교인가요?

삼일공고 선생님께서 고졸전용 공무원 시험도 있어서 공무워 되기쉽고 대기업도 선배들 많이 간다고 하시면서
말씀하시는데 솔직히 지금 너무 가고 싶은데 갤보니까 혼란쓰러워요

그리고 선생님이 특성화고 욕하는 사람들 노력도 안하고 탱자탱자 놀기만 하다가 
남탓만 하는거라고 그런사람들은 뭘해도 안돼는 사람들이라고 하는데..","ㅇㅇ(122.36) 2021.09.01 19:06:42
조회 667 추천 1 댓글 9",추천 1,조회 667,2021.09.01 19:06:42,https://gall.dcinside.com/mgallery/board/view/?id=samilth&no=108&page=5
친구한테 들어보니까,,"삼공에 대깨문 근첩 많다는데
사실임?","ㅇㅇ(180.224) 2021.07.16 21:09:49
조회 803 추천 12 댓글 3",추천 12,조회 803,2021.07.16 21:09:49,https://gall.dcinside.com/mgallery/board/view/?id=samilth&no=106&page=5
여기 학교쌤들도 봄?,,학생들 욕이랑 교장쌤 욕도 있어서 궁금함,"ㅇㅇ(146.70) 2021.07.11 02:56:40
조회 526 추천 0 댓글 4",추천 0,조회 526,2021.07.11 02:56:40,https://gall.dcinside.com/mgallery/board/view/?id=samilth&no=104&page=5
용호 잘지내냐?,,사고쳐서 선생님짤렸을꺼같음 ㅇㅇ,"ㅇㅇ(175.223) 2021.06.11 13:21:47
조회 562 추천 2 댓글 8",추천 2,조회 562,2021.06.11 13:21:47,https://gall.dcinside.com/mgallery/board/view/?id=samilth&no=100&page=5
어이 삼공...,,그 앞은 지옥이다..,"ㅇㅇ(125.178) 2021.06.10 11:01:52
조회 296 추천 0 댓글 3",추천 0,조회 296,2021.06.10 11:01:52,https://gall.dcinside.com/mgallery/board/view/?id=samilth&no=98&page=5
"삼일공고 갤러리 ""입갤""",,이몸 등장,"ㅇㅇ(106.101) 2021.06.09 21:54:21
조회 476 추천 1 댓글 3",추천 1,조회 476,2021.06.09 21:54:21,https://gall.dcinside.com/mgallery/board/view/?id=samilth&no=97&page=5
ㅋㅋㅋ 요즘어떠냐?,,ㅈ ㅄ 학교 ㅋㅋㅋㅋㅋㅋㅋㅋㅋ,"ㅇㅇ(122.36) 2021.05.31 22:48:53
조회 256 추천 0 댓글 4",추천 0,조회 256,2021.05.31 22:48:53,https://gall.dcinside.com/mgallery/board/view/?id=samilth&no=96&page=5
이제부터 여기 삼일공고 갤러리는 여성시대 회원 일동이 점령하노 이기야^^,,느금마,"ㅇㅇ(39.7) 2021.05.14 06:31:35
조회 322 추천 0 댓글 3",추천 0,조회 322,2021.05.14 06:31:35,https://gall.dcinside.com/mgallery/board/view/?id=samilth&no=94&page=5
안녕,,나는 삼일공고에 재학중이야 이 학교는 정말 병신같애 지금 3학년인데 시발 미래가 없어 미래가 ㅈㄴ 껌껌해 그리고 진짜 말해두는데 공부할거면 딴데가라 여기는 노답이다 그리고 교장이 노답이다  난 이미 회사다니고 있다 시발 궁금한거 있으면 물어봐라 ㅈㄴ 진지하게 대답해줌,"ㅇㅇ(211.33) 2021.05.04 13:31:16
조회 547 추천 0 댓글 17",추천 0,조회 547,2021.05.04 13:31:16,https://gall.dcinside.com/mgallery/board/view/?id=samilth&no=93&page=5
동수씨 발련이 대가리에 총맞았나 판단력 왜 저 지랄임,,"지금 코로나 삼공에 발병남
동수씨 발은 그냥 닥치고 튀어나오라고 했지?

코로나가 감기정도로 끝나는 가벼운 병이냐? X
혼자만 앓다가 끝나는 전염성이 약한 병이냐? X
그렇다면 백신이 사람들에게 활발히 분포되어 있어서 충분히 치료가 가능한 병이냐? X
그렇다면 치사율이 완벽하게 없어서 모든 사람들이 조금만 아프면 완치가 되는가? X

씨발련이 코로나 확진자가 공고에서 나왔다고 판정이 튀어나왔으면 
재깍재깍 빠르고 신속하게 옳은 결정을 해야 그게 사람 새끼지

12시 이전에 확진자가 쳐나왔는데 4시 이후까지 회의랍시고 선생님들 모셔다가 지랄 염병을 떨고서
나온 결정이 등교? 드으으으응교???

그냥 가볍게 앓다가 끝나는 병도 아니고 잘못하면 뒈지는 병이
옆 학교 상고에서 발병도 아니고 우리 학교에 정통으로 퍼졌는데

그게 최선의 선택이라고?


오우 집념의 사나이 그 자체다 씨발련아

학생들 쳐 죽이는데 집념이 강하구나
학생새끼들 전부 죽여서 보내버린다음 누가 예수를 믿었는지 안 믿었는지 판가름할려고 그러냐?

천국에 가 있으면 예수 믿으니까 말 잘 들은 착한 학생이고
천국에 없으면 예수 안 믿은 나쁜 새끼네 ㅋㅋㅋㅋㅋㅋㅋ

지 애새끼 학교에 있는거 아니라고 찐으로 보내버리네?
일처리를 못하는 거냐 아니면 안하는거냐?

아님 ㄹㅇ 그게 최선의 선택이라고 생각했을까?
그 나이 쳐먹고서 대단하십니다 

""집념의 사나이""

학교 예산을 전동 퀵보드에 부을 때부터 뭔가 좀 씁쓰름하다 싶었다
그 돈으로 급식실에 돈 좀 더 써서 식판이나 빡빡 딲으라고 시키기나 해라
무슨 식판에 물때부터 별의 별 온갖게 다 들어가있냐 ㅋㅋㅋㅋㅋ


등교확정 축하한다 씹쌔끼들아
지금부터라도 예수 믿고 천국에서 보자

씨발 학생 목숨 지가 챙겨줄 것도 아닌 새끼가 지랄이야

오늘 동수씨 발련 BL 소설이나 쓰고 잘랜다","ㅇㅇ(112.148) 2021.04.23 23:33:13
조회 1198 추천 24 댓글 6",추천 24,조회 1198,2021.04.23 23:33:13,https://gall.dcinside.com/mgallery/board/view/?id=samilth&no=92&page=5
나 노무현이다,,노무,"노무현(175.114) 2021.04.23 11:14:21
조회 178 추천 0 댓글 1",추천 0,조회 178,2021.04.23 11:14:21,https://gall.dcinside.com/mgallery/board/view/?id=samilth&no=91&page=5
삼일공고 씹새끼들아 맞짱까자 유신으로 와라 ㅈ밥들아,,ㅇㅇ,"ㅇㅇ(39.117) 2021.04.23 10:19:37
조회 925 추천 4 댓글 3",추천 4,조회 925,2021.04.23 10:19:37,https://gall.dcinside.com/mgallery/board/view/?id=samilth&no=90&page=5
인스타에 삼일공고 교복,,교복핏 콘테스트? 그런거에 두명 진짜 이쁘던데 유명해??,"삼공(106.101) 2021.04.20 00:22:05
조회 778 추천 0 댓글 3",추천 0,조회 778,2021.04.20 00:22:05,https://gall.dcinside.com/mgallery/board/view/?id=samilth&no=89&page=5
난 찐따여서 아다 못뗐는데,,그거 마저 못하면 여기 온 이유가 뭐임?,"ㅇㅇ(118.34) 2020.11.29 00:43:53
조회 785 추천 0 댓글 3",추천 0,조회 785,2020.11.29 00:43:53,https://gall.dcinside.com/mgallery/board/view/?id=samilth&no=81&page=5
ㅇㅇ,,"1
이미지 순서 ON
2
3
- dc official App","ㅇㅇ(175.119) 2020.11.27 22:04:05
조회 318 추천 0 댓글 0",추천 0,조회 318,2020.11.27 22:04:05,https://gall.dcinside.com/mgallery/board/view/?id=samilth&no=80&page=5
응딩,,"1
이미지 순서 ON
2
3
4
5
- dc official App","ㅇㅇ(175.119) 2020.11.27 22:03:32
조회 499 추천 2 댓글 1",추천 2,조회 499,2020.11.27 22:03:32,https://gall.dcinside.com/mgallery/board/view/?id=samilth&no=79&page=5
기희연,,"1
이미지 순서 ON
2
3
4
5
- dc official App","ㅇㅇ(175.119) 2020.11.27 22:02:17
조회 385 추천 0 댓글 0",추천 0,조회 385,2020.11.27 22:02:17,https://gall.dcinside.com/mgallery/board/view/?id=samilth&no=78&page=5
진짜 망했다,,"1
이미지 순서 ON
2
3
4
5
6
- dc official App","ㅇㅇ(175.119) 2020.11.27 22:00:48
조회 354 추천 2 댓글 0",추천 2,조회 354,2020.11.27 22:00:48,https://gall.dcinside.com/mgallery/board/view/?id=samilth&no=77&page=5
마크,,"2
3
- dc official App","ㅇㅇ(175.119) 2020.11.27 21:58:23
조회 320 추천 2 댓글 0",추천 2,조회 320,2020.11.27 21:58:23,https://gall.dcinside.com/mgallery/board/view/?id=samilth&no=76&page=5
모은다,,- dc official App,"ㅇㅇ(175.119) 2020.11.27 21:57:49
조회 234 추천 0 댓글 0",추천 0,조회 234,2020.11.27 21:57:49,https://gall.dcinside.com/mgallery/board/view/?id=samilth&no=75&page=5
삼일공고 망했다.,,ㅇㅇ,"노푸 2020.11.27 21:55:04
조회 924 추천 8 댓글 3",추천 8,조회 924,2020.11.27 21:55:04,https://gall.dcinside.com/mgallery/board/view/?id=samilth&no=73&page=5
달린다,,"1
이미지 순서 ON
ㅋ
2
ㅋ
3
ㅋ
- dc official App","3DS(117.111) 2020.11.08 11:57:30
조회 302 추천 1 댓글 0",추천 1,조회 302,2020.11.08 11:57:30,https://gall.dcinside.com/mgallery/board/view/?id=samilth&no=72&page=5
DSC : □□,,"이게 갤러리야~~!!
- dc official App","닌텐도는 3DS(117.111) 2020.11.08 11:53:27
조회 136 추천 1 댓글 0",추천 1,조회 136,2020.11.08 11:53:27,https://gall.dcinside.com/mgallery/board/view/?id=samilth&no=71&page=5
어이 삼공,,마망 나 아가야...,"코노미(합법) 2020.09.30 21:02:22
조회 390 추천 0 댓글 1",추천 0,조회 390,2020.09.30 21:02:22,https://gall.dcinside.com/mgallery/board/view/?id=samilth&no=70&page=5
여기 학교 길 왜이럼?,,"중3인데 내년에 삼일공고 입학하려고 했는데 학교를 어케 들어가노
여기 그냥 꼴통학교임?","ㅇㅇ(128.134) 2020.09.21 19:54:52
조회 775 추천 0 댓글 9",추천 0,조회 775,2020.09.21 19:54:52,https://gall.dcinside.com/mgallery/board/view/?id=samilth&no=68&page=5
주딱받을분,,ㅇㅇ,"수박맛메론 2020.09.16 14:02:59
조회 280 추천 0 댓글 2",추천 0,조회 280,2020.09.16 14:02:59,https://gall.dcinside.com/mgallery/board/view/?id=samilth&no=67&page=5
도망쳐,,"1
이미지 순서 ON
2
3
4
5
- dc official App","ㅇㅇ(175.119) 2020.09.16 12:22:39
조회 341 추천 0 댓글 1",추천 0,조회 341,2020.09.16 12:22:39,https://gall.dcinside.com/mgallery/board/view/?id=samilth&no=65&page=5
휴교기원 2일차,,장마오는데 학교가기싫다,"노푸 2020.08.25 02:03:34
조회 166 추천 3 댓글 1",추천 3,조회 166,2020.08.25 02:03:34,https://gall.dcinside.com/mgallery/board/view/?id=samilth&no=62&page=5
개씨발 학교 feat삼일상고 고닉 누구냐,,"삼일공고가 드디어 미쳤구나

대단하다 씨발학교야 ㅋㅋㅋㅋㅋㅋㅋㅋㅋㅋ

그리고 고닉 삼일상고 누구냐

수원갤에서도 보고 씹덕새끼네 ㅋ 보이면 댓글달아
- dc official App","ㅇㅇ(39.117) 2020.08.24 20:48:24
조회 680 추천 3 댓글 6",추천 3,조회 680,2020.08.24 20:48:24,https://gall.dcinside.com/mgallery/board/view/?id=samilth&no=61&page=5
휴교 기원 1일차,,학교가기싫다,"노푸 2020.08.24 01:14:18
조회 122 추천 2 댓글 0",추천 2,조회 122,2020.08.24 01:14:18,https://gall.dcinside.com/mgallery/board/view/?id=samilth&no=60&page=5
"""와ㅡ이 타카이 타카이~""",,"""코라 ! 아부나이카라 오리테키테 소레니 파파다이헨데쇼""



"" 이요 베츠니 다이죠부""



""와이 파파 다이스키 ""



"" 모ㅡ 아나타와 혼또 아마인다카라~""



""파파 못또 타카이 타카이 시테~""



"" 모 고항니 스루카라 쿄와 오시마이요~ 모 오리루카""



"" 헤~ 마다마다 못또 시타이노니~""



""코라 이카겐니 시나이토 마마 메! 스루요?""



""하 ~이""


- dc official App","삼일상고(125.178) 2020.08.22 14:38:22
조회 359 추천 4 댓글 0",추천 4,조회 359,2020.08.22 14:38:22,https://gall.dcinside.com/mgallery/board/view/?id=samilth&no=59&page=5
전기과 1반에서 지랄좀 하지말고 꺼져 제발,,"왜 지랄이야
- dc official App","ㅇㅇ(223.38) 2020.07.31 09:01:25
조회 478 추천 4 댓글 1",추천 4,조회 478,2020.07.31 09:01:25,https://gall.dcinside.com/mgallery/board/view/?id=samilth&no=58&page=5
아 월화수 원격수업 기분좋노,,"너무 기분 좋아서 공중제비 523번 돈다 이기야
- dc official App","ㅇㅇ(223.38) 2020.07.24 12:44:28
조회 258 추천 0 댓글 1",추천 0,조회 258,2020.07.24 12:44:28,https://gall.dcinside.com/mgallery/board/view/?id=samilth&no=57&page=5
삼붕이 어제 야스하고옴,,여사친이랑 뷰지쥬지 만지다 꼴려서 하고옴,"ㅇㅇ(175.223) 2020.07.19 10:31:21
조회 569 추천 0 댓글 1",추천 0,조회 569,2020.07.19 10:31:21,https://gall.dcinside.com/mgallery/board/view/?id=samilth&no=54&page=5
놀이터에서 뒷치기 하는 여고생,,ㅖㅏ,"ㅇㅇ(175.114) 2020.07.18 21:57:03
조회 1806 추천 17 댓글 1",추천 17,조회 1806,2020.07.18 21:57:03,https://gall.dcinside.com/mgallery/board/view/?id=samilth&no=52&page=5
이잉,,"1
이미지 순서 ON
2
3
4
5
6
7
8
- dc official App","ㅇㅇ(175.119) 2020.07.18 21:36:51
조회 323 추천 1 댓글 1",추천 1,조회 323,2020.07.18 21:36:51,https://gall.dcinside.com/mgallery/board/view/?id=samilth&no=50&page=5
흥갤테스트,,,"ㅇㅇ(175.195) 2020.07.18 04:07:29
조회 394 추천 12 댓글 0",추천 12,조회 394,2020.07.18 04:07:29,https://gall.dcinside.com/mgallery/board/view/?id=samilth&no=49&page=5
본 갤러리는 노무현 갤러리의 식민지화 되었음을 알려드립니다,,- dc official App,"ㅇㅇ(210.100) 2020.07.17 17:21:06
조회 260 추천 10 댓글 0",추천 10,조회 260,2020.07.17 17:21:06,https://gall.dcinside.com/mgallery/board/view/?id=samilth&no=48&page=5
망갤테스트,,- dc official App,"놈웋연(223.38) 2020.07.17 16:31:45
조회 584 추천 24 댓글 2",추천 24,조회 584,2020.07.17 16:31:45,https://gall.dcinside.com/mgallery/board/view/?id=samilth&no=47&page=5
삼공 재학생들 들어라,,"저솔직히 뷰도 별로없고 별로 안볼꺼 알긴아는데 말해준다

2018년 졸업생이고 

이학교가 얼마나 병신인지 재학생들은 알꺼다
 학교자체가 생각보다 낙하산으로 들어온 선생들도 많다 *  니네 쌤들 차타고 다니는거 보면안다 잘봐라

뭐 교육청이나 정부에서 지원받을려고 하는거는 일단 하고보는 주의라고 보면된다

신생 학과나 교육과정등 학교에서 하는거는 대부분 그런거임

돈탈려고 보여주기식으로 커리큘럼 짜서

재대로 진행도 안하고 결국 지들끼리 해처먹는 그런곳

뭐 다른 타학교도 그렇긴 하겠지 ㅇㅇ

뭐 시도는 많이 할려고 하는데 근본없는 선생들이랑 공부못하는 학생들끼리 모이면서

환상의 콜라보레이션 보여준다 ㅋㅋ 진짜 씹가관이다

졸업하고 1년후 에들 보면 어버버거리다가 전문대 간에들이나 아니면 ㅈㄴ이상한 대학교 들어가고

몇몇은 공기업이나 대기업 들어감 ㅇㅇ 

근데 말이 그거지 일하는거 ㅈ도 전문성 없는거 알아야한다

뭐 중소기업 이런데 들어갔다고 실습으로 미리 3학년때 일하는거는 어짜피 선생들이랑

회사에서 딜쳐가지고 거의 꽁으로 너네 부려먹다가 버리는거니까 기대하지말고 ㅋㅋ결국 취업률 높일려고

학교에서 그러는거니까 뭐된듯 SNS에 씨부려봣자 결국에는 회사 어느순간 짤리거나 너네가 알아서 나가더라 ㅇㅇ

취업할려면 자격증 따야해서

자격증 따라고 학교에서 그러는데 

막상 학교에서 따게 해주는거 조또 없다고 봐야함ㅇㅇ

너네가 알아서 그냥 공부 열심히 해야하는데

그거 하겠냐 대부분? 공부하기 싫어서 온놈들인데

몇몇새끼들이 좀 무친놈처럼 열심히 하는데 뭐하나 쉽게 되는거 맞다고

걔네들은 뭘해도 될놈인거고 

사례들 보여주면 진짜 2011년 2013년 1년에 나올까 말까하는 그런에들을 보여주고 있다 ㅋㅋ

이것도 근데 과별로 다른데 전기과 전자과가 그나마 좋은듯 ㅇㅇ

근데 공부안할 놈들은 인문계 갈빠에 공고가서 그냥 몸쓰는 일하는게 좋다

선생님들 대부분은 진짜 잘모르니까 니네가 알아서 찾아보고 해야됨

화이팅해라","삼공(112.169) 2020.07.17 14:07:24
조회 709 추천 3 댓글 9",추천 3,조회 709,2020.07.17 14:07:24,https://gall.dcinside.com/mgallery/board/view/?id=samilth&no=45&page=5
유명 개인방송 BJ 꼭지노출...,,"지야코
- dc official App","ㅇㅇ(110.70) 2020.07.17 12:20:20
조회 1036 추천 2 댓글 0",추천 2,조회 1036,2020.07.17 12:20:20,https://gall.dcinside.com/mgallery/board/view/?id=samilth&no=43&page=5
신음소리 들려준다 다들어와라 ㄱㄱㄱㄱ,,꼴리면 개추,"ㅇㅇ(116.127) 2020.07.17 02:27:33
조회 453 추천 0 댓글 1",추천 0,조회 453,2020.07.17 02:27:33,https://gall.dcinside.com/mgallery/board/view/?id=samilth&no=42&page=5
근데 삼공 갤러리 갑자기 왜 뜬 거임??,,"??
- dc official App","ㅇㅇ(180.70) 2020.07.16 21:23:58
조회 416 추천 0 댓글 6",추천 0,조회 416,2020.07.16 21:23:58,https://gall.dcinside.com/mgallery/board/view/?id=samilth&no=41&page=5
아다땐 삼붕이 있노?,,빡통이라 절반은 있을거같다,"ㅇㅇ(110.70) 2020.07.16 20:52:11
조회 433 추천 0 댓글 2",추천 0,조회 433,2020.07.16 20:52:11,https://gall.dcinside.com/mgallery/board/view/?id=samilth&no=40&page=5
삼공현실 인정하면 개추,,"뭘인정해 씨발 ㅋㅋㅋㅋ

이글본거부터 너의인생은 공장&편돌이인생이야 씨발들아 ㅋㅋㅋ 낄낄
- dc official App","노무원순 2020.07.16 19:17:00
조회 412 추천 5 댓글 2",추천 5,조회 412,2020.07.16 19:17:00,https://gall.dcinside.com/mgallery/board/view/?id=samilth&no=39&page=5
삼일공고 1 2 3학년 줮밥들아 다덤벼 ㅋㅋ,,줮밥새끼들 ㅋㅋ,"ㅇㅇ(124.50) 2020.07.16 18:21:18
조회 263 추천 0 댓글 0",추천 0,조회 263,2020.07.16 18:21:18,https://gall.dcinside.com/mgallery/board/view/?id=samilth&no=38&page=5
[첼시 마이너 갤러리] 공지,,"[첼시 마이너 갤러리]는 삼일공고 학생들의 무궁한 앞날을 응원합니다
- dc official App","ㅇㅇ(121.142) 2020.07.16 18:01:47
조회 205 추천 2 댓글 0",추천 2,조회 205,2020.07.16 18:01:47,https://gall.dcinside.com/mgallery/board/view/?id=samilth&no=37&page=5
삼일상고에서 왓다,,"다이다이함깨자
- dc official App","ㅇㅇ(39.7) 2020.07.16 17:58:07
조회 360 추천 0 댓글 3",추천 0,조회 360,2020.07.16 17:58:07,https://gall.dcinside.com/mgallery/board/view/?id=samilth&no=36&page=6
310go! ㅋㅋㅋ,,- dc official App,"ㅇㅇ(39.121) 2020.07.16 17:54:03
조회 307 추천 0 댓글 2",추천 0,조회 307,2020.07.16 17:54:03,https://gall.dcinside.com/mgallery/board/view/?id=samilth&no=35&page=6
여기졸업하면 뭐하냐?,,공장들어감? 아님 수능치고 대학가냐?,"ㅇㅇ(182.215) 2020.07.16 17:53:44
조회 441 추천 0 댓글 4",추천 0,조회 441,2020.07.16 17:53:44,https://gall.dcinside.com/mgallery/board/view/?id=samilth&no=34&page=6
우한갤러리 일동은 삼일공고갤러리의 흥행을 기원합니다,,노무현,"ㅇㅇ(218.238) 2020.07.16 17:50:52
조회 168 추천 0 댓글 0",추천 0,조회 168,2020.07.16 17:50:52,https://gall.dcinside.com/mgallery/board/view/?id=samilth&no=33&page=6
응 어차피 180석이야,,니들이 이래도 학생의 80%s는 김동수 지지해,"ㅇㅇ(39.7) 2020.07.16 17:50:44
조회 285 추천 1 댓글 0",추천 1,조회 285,2020.07.16 17:50:44,https://gall.dcinside.com/mgallery/board/view/?id=samilth&no=32&page=6
왜 진짜노,,ㅋ,"ㅇㅇ(211.177) 2020.07.16 17:48:22
조회 138 추천 0 댓글 0",추천 0,조회 138,2020.07.16 17:48:22,https://gall.dcinside.com/mgallery/board/view/?id=samilth&no=31&page=6
여기 싸움 잘하는 새끼 누구 있냐??,,난 못함,"ㅇㅇ(175.198) 2020.07.16 17:48:08
조회 269 추천 0 댓글 0",추천 0,조회 269,2020.07.16 17:48:08,https://gall.dcinside.com/mgallery/board/view/?id=samilth&no=30&page=6
진짜 미쳐버린 삼일공고,,병신학교 ㄹㅇㅋㅋ,"ㅇㅇ(39.7) 2020.07.16 17:45:25
조회 340 추천 0 댓글 0",추천 0,조회 340,2020.07.16 17:45:25,https://gall.dcinside.com/mgallery/board/view/?id=samilth&no=28&page=6
좆병신 삼붕이 새끼들아,,느금마,"ㅇㅇ(39.7) 2020.07.16 17:44:55
조회 163 추천 0 댓글 0",추천 0,조회 163,2020.07.16 17:44:55,https://gall.dcinside.com/mgallery/board/view/?id=samilth&no=27&page=6
반갑노,,수정과에서 왔다,"ㅇㅇ(106.101) 2020.07.16 16:52:02
조회 86 추천 0 댓글 0",추천 0,조회 86,2020.07.16 16:52:02,https://gall.dcinside.com/mgallery/board/view/?id=samilth&no=26&page=6
병신들,,"병신들
- dc official App","ㅇㅇ(106.240) 2020.07.16 14:52:37
조회 107 추천 0 댓글 0",추천 0,조회 107,2020.07.16 14:52:37,https://gall.dcinside.com/mgallery/board/view/?id=samilth&no=25&page=6
오늘 뭔 날이노?,,"오늘만 글 몇 개가 올라온 거임
- dc official App","ㅇㅇ(211.36) 2020.07.16 13:24:28
조회 139 추천 0 댓글 0",추천 0,조회 139,2020.07.16 13:24:28,https://gall.dcinside.com/mgallery/board/view/?id=samilth&no=24&page=6
삼붕이들 화력한번보자,,"삼공온거 후회한다 개추
후회안한다 비추
우선 나부터 개추 ㅋㅋㅋ
- dc official App","노랑 2020.07.16 10:27:51
조회 432 추천 19 댓글 1",추천 19,조회 432,2020.07.16 10:27:51,https://gall.dcinside.com/mgallery/board/view/?id=samilth&no=22&page=6
삼공 졸업 게이 졸업 후 근황.doc,,"ㅈ도 없다 ㅋㅋ 걍 공고 나온 거 개 후회
20년도 체육관 앞에 있는 전x과 졸업한 게이다
페북에 문상 관련 어그로 글 있는데 ㅇㅇ 그거 보고 온 거 맞다 ㅋㅋ 이거 ㄹㅇ 실화냐?
가슴이 웅장해진다...


암튼.. 바야흐로 2019년.. 작년 여름방학이 지나고
취업을 준비하고 있었다 근데 뭣 같은 취업처는 근무환경인 ㅓ무 좋지 않다..취업공고 올라오는 거 구글이나 네이버에 검색해보면 정보도 별로 없고 다 제조/생산직이 아니겠노...

“와 이 학교 다니면서 취업하면 ㅈ 돼겠다”

핸들을 대학 입학으로 돌렸다
원서 넣으려고 하니 뭐? ㅆㅂ 특성화고라 내신 산출도 ㅈ같이 나오거나 어렵긴 커녕 너무 불리하다 성적도 1등급대 상위권도 아니라서 어중이 떠중이가 되버렸지 뭐야

이러면

인문계 어중이 > 실업계 어중이
아니겠노..ㄹㅇ

대학갈 거면 인문계 가라는 쓴배님들 말 들을 걸...

대기업, 공기업은 바라지도 않았다 진로도 그 쪽도 아니고

모 전문대 체육 관련으로 입학했다

1학기 다녀보고 중간기말고사 시험을 봤는데 4.08 학점.
괜찮게 봤다.. 장학금도 받으면서 ㅇㅇ

근데 이 전문대는 아닌 것 같다. 나 같은 경우엔 학벌 고집이 ㅈㅁ 있어서 좀 들어본 4년제로 체육관련으로 다녀보려고 한다

학원 다니면서
반수 시작 = 12월 수능(최저)
1월달 실기 준비

실기 무사히 잘 끝나 대학 붙으면 군대나 가려고 한다..

서론이 길었다 바로 본론.

실업계 가지마라 성적에 치여도 인문계에서 치이는 게 더 낫다

예외사항 :

1. 대기업 공기업도 안 바라고 생산직 최저 월급 150 받아가며 ㅈ빠지게 일 하고 싶다!
2. 전문대 가서 흥헹항 놀고 술 먹고 자빠지고 싶다!
3. 생각이 없다.

갤주야 문상 줘라 ㅋㅋ","ㅇㅇ(218.155) 2020.07.16 07:20:35
조회 1394 추천 8 댓글 10",추천 8,조회 1394,2020.07.16 07:20:35,https://gall.dcinside.com/mgallery/board/view/?id=samilth&no=21&page=6
야짤 달린다 삭제되기 전에 주워가라,,어휴 ㅋㅋ,"ㅇㅇ(211.48) 2020.07.16 02:04:04
조회 506 추천 1 댓글 0",추천 1,조회 506,2020.07.16 02:04:04,https://gall.dcinside.com/mgallery/board/view/?id=samilth&no=20&page=6
삼공게이들 투표좀,,"교장 김동수
비호감시 개추
호감시 비추
투표한번가자 씨발
- dc official App","ㅇㅇ(39.117) 2020.07.16 01:02:00
조회 480 추천 23 댓글 3",추천 23,조회 480,2020.07.16 01:02:00,https://gall.dcinside.com/mgallery/board/view/?id=samilth&no=19&page=6
솔직히 이거 대부분,,"페북에 이벤트 올라와서 하는거 아니냐
- dc official App","ㅇㅇㅇ 2020.07.16 01:01:40
조회 258 추천 0 댓글 2",추천 0,조회 258,2020.07.16 01:01:40,https://gall.dcinside.com/mgallery/board/view/?id=samilth&no=18&page=6
활동 열심히하네,,"아싸라 이런거잘모른다

- dc official App","ㅇㅇㅇ 2020.07.16 01:00:57
조회 136 추천 0 댓글 0",추천 0,조회 136,2020.07.16 01:00:57,https://gall.dcinside.com/mgallery/board/view/?id=samilth&no=17&page=6
삼공에서 유명한애들 누구있냐,,ㅈㄱㄴ 윤현상 김영기는 너무 흔하고 좀 마이너 한 애들,"ㅇㅇ(116.39) 2020.07.16 00:49:17
조회 685 추천 0 댓글 3",추천 0,조회 685,2020.07.16 00:49:17,https://gall.dcinside.com/mgallery/board/view/?id=samilth&no=15&page=6
밑글 작성자인데 삼공게이들 다들어디과노,,"댓글 ㄱㄱ 씹동수시 개추
- dc official App","ㅇㅇ(223.62) 2020.05.20 03:40:42
조회 371 추천 3 댓글 2",추천 3,조회 371,2020.05.20 03:40:42,https://gall.dcinside.com/mgallery/board/view/?id=samilth&no=13&page=6
삼공 다니는사람 투표 한번가자,,"김동수

호감시 개추


비호감시 비추
- dc official App","ㅇㅇ(223.62) 2020.05.18 05:19:07
조회 569 추천 15 댓글 0",추천 15,조회 569,2020.05.18 05:19:07,https://gall.dcinside.com/mgallery/board/view/?id=samilth&no=12&page=6
프갤러,,ㅇ,"ㅇㅇ(125.181) 2020.02.19 04:37:26
조회 282 추천 0 댓글 6",추천 0,조회 282,2020.02.19 04:37:26,https://gall.dcinside.com/mgallery/board/view/?id=samilth&no=10&page=6
크흠,,여기 절반이 담배핀다던데 이거 트루?,"...(118.223) 2019.02.09 22:07:43
조회 731 추천 127 댓글 2",추천 127,조회 731,2019.02.09 22:07:43,https://gall.dcinside.com/mgallery/board/view/?id=samilth&no=1&page=6
