﻿제목,말머리,내용,글쓴이,추천수,조회수,날짜,링크
방학에 청소시키는거 좆같은 삼붕이면 개추,,시발 출석도 아닌데 부르노,"기묵지 2025.08.04 11:08:41
조회 3 추천 0 댓글 0",추천 0,조회 3,2025.08.04 11:08:41,https://gall.dcinside.com/mgallery/board/view/?id=samiltchschool&no=37&page=1
평생방학하면 좋겟노,,이기,"기묵지 2025.07.21 12:30:30
조회 13 추천 0 댓글 0",추천 0,조회 13,2025.07.21 12:30:30,https://gall.dcinside.com/mgallery/board/view/?id=samiltchschool&no=36&page=1
비 존나오노,,ㅈㄱㄴ,"기묵지 2025.07.17 08:08:21
조회 17 추천 0 댓글 0",추천 0,조회 17,2025.07.17 08:08:21,https://gall.dcinside.com/mgallery/board/view/?id=samiltchschool&no=35&page=1
다들,,더위조심,"기묵지 2025.07.13 18:36:47
조회 11 추천 0 댓글 0",추천 0,조회 11,2025.07.13 18:36:47,https://gall.dcinside.com/mgallery/board/view/?id=samiltchschool&no=34&page=1
방학때 보충하는 흑우업재?,,ㅋ,"기묵지 2025.07.10 19:23:21
조회 16 추천 0 댓글 0",추천 0,조회 16,2025.07.10 19:23:21,https://gall.dcinside.com/mgallery/board/view/?id=samiltchschool&no=33&page=1
존나덥노,,그분따라간다,"기묵지 2025.07.09 08:45:18
조회 15 추천 0 댓글 0",추천 0,조회 15,2025.07.09 08:45:18,https://gall.dcinside.com/mgallery/board/view/?id=samiltchschool&no=32&page=1
여기 주딱 그새끼임?,,"정호영 송예탁?
- dc official App","삼갤러(211.180) 2025.07.08 11:10:23
조회 30 추천 0 댓글 0",추천 0,조회 30,2025.07.08 11:10:23,https://gall.dcinside.com/mgallery/board/view/?id=samiltchschool&no=31&page=1
파트너 구함,,삼일공고로 전학온 노무현이다 이기들아 우흥!,"삼갤러(106.101) 2025.06.20 21:27:01
조회 60 추천 0 댓글 0",추천 0,조회 60,2025.06.20 21:27:01,https://gall.dcinside.com/mgallery/board/view/?id=samiltchschool&no=30&page=1
삼붕이 여친 사귐,,내 여친임 ㅇㅇ,"삼갤러(182.221) 2025.05.13 23:06:56
조회 137 추천 2 댓글 3",추천 2,조회 137,2025.05.13 23:06:56,https://gall.dcinside.com/mgallery/board/view/?id=samiltchschool&no=29&page=1
여기 포함하여 다른학교 갤러리들까지 분탕치는 김명준이라는 애는 사칭임,,예전에 여기를 포함하여 다른학교 갤러리들까지 분탕일으키고 이상한 글 올리면서 삭제하고 튀었던 사람중에 김명준이라는 이름이 가끔 보이던데 진짜 김명준이라는 사람이 한 짓이 아니라 사칭이 한 짓입니다. 실제로 김명준이라는 사람은 디시를 하는 사람이 아닙니다. 김명준이라는 이름으로 된 글과 댓글들은 전부 사칭입니다.,"삼갤러(118.235) 2024.08.31 14:24:17
조회 234 추천 1 댓글 0",추천 1,조회 234,2024.08.31 14:24:17,https://gall.dcinside.com/mgallery/board/view/?id=samiltchschool&no=25&page=1
진짜 시비터는거 이해 안되네 ㅋㅋ,,"진짜 갑자기 병 걸린것 마냥 시비털고 다니네

존나 말투 보니깐 한남 유충 같은데 한강가서 탭댄스나 쳐라 ㅋㅋ","에렌 예거(211.114) 2024.05.13 14:11:50
조회 463 추천 0 댓글 2",추천 0,조회 463,2024.05.13 14:11:50,https://gall.dcinside.com/mgallery/board/view/?id=samiltchschool&no=22&page=1
삼일공고 불합격하고 일반고가면 ㅁㅌㅊ?,,ㅁㅌㅊ?,".(223.39) 2024.03.26 13:15:37
조회 615 추천 0 댓글 4",추천 0,조회 615,2024.03.26 13:15:37,https://gall.dcinside.com/mgallery/board/view/?id=samiltchschool&no=21&page=1
호시노재철,,사랑하는 너를 모듀 누낄 쓔 이써~~~~~~,"삼갤러(211.114) 2023.09.22 14:48:56
조회 280 추천 0 댓글 0",추천 0,조회 280,2023.09.22 14:48:56,https://gall.dcinside.com/mgallery/board/view/?id=samiltchschool&no=17&page=1
동수게이 씨발ㅋㅋ,,"전과목을 이동수업으로 바꿔버리노 개새끼가
- dc official App","ㅇㅇ 2023.04.13 11:04:50
조회 619 추천 3 댓글 0",추천 3,조회 619,2023.04.13 11:04:50,https://gall.dcinside.com/mgallery/board/view/?id=samiltchschool&no=16&page=1
삼일공고 가려는데 양아치많음?,,ㅇㅇ,"ㅇㅇ(222.232) 2023.03.15 21:41:27
조회 883 추천 4 댓글 2",추천 4,조회 883,2023.03.15 21:41:27,https://gall.dcinside.com/mgallery/board/view/?id=samiltchschool&no=15&page=1
야자 강제라 좆같은 삼붕이면 개추ㅋㅋ,,- dc official App,"ㅇㅇ 2023.03.13 21:19:17
조회 372 추천 4 댓글 0",추천 4,조회 372,2023.03.13 21:19:17,https://gall.dcinside.com/mgallery/board/view/?id=samiltchschool&no=14&page=1
내일 입학식 개좆같다,,"입학식부터 쨀생각 하는중이면 개추ㅋㅋ
- dc official App","ㅇㅇ 2023.02.28 20:05:35
조회 253 추천 0 댓글 0",추천 0,조회 253,2023.02.28 20:05:35,https://gall.dcinside.com/mgallery/board/view/?id=samiltchschool&no=13&page=1
호두:이거.. 현빈이의 그것보다 크잖아..?,,- dc official App,"ㅇㅇ 2023.02.23 02:38:13
조회 311 추천 2 댓글 0",추천 2,조회 311,2023.02.23 02:38:13,https://gall.dcinside.com/mgallery/board/view/?id=samiltchschool&no=12&page=1
젖소 수유 영상,,"https://www.youtube.com/watch?v=XUAH389pMdI&list=PLFn9a1dV43N_wTtgHrhSvCd_7i_mLJvjI
젖소년 범해버리고싶으면 ㄱㅊㅋㅋ
- dc official App","ㅇㅇ 2023.02.23 02:34:01
조회 477 추천 0 댓글 0",추천 0,조회 477,2023.02.23 02:34:01,https://gall.dcinside.com/mgallery/board/view/?id=samiltchschool&no=10&page=1
내가 죽지 못하는 이유다 응1디 년들아,,"ㅇㅇㅇㅇ예쁘당 허허허허헣ㅎ ㅓ허 ㅎ 허ㅓㅎ 허
개추좀 님들아 허헣 ㅓ허 허허 허 헣","시에스타(27.119) 2023.02.23 02:29:48
조회 333 추천 0 댓글 0",추천 0,조회 333,2023.02.23 02:29:48,https://gall.dcinside.com/mgallery/board/view/?id=samiltchschool&no=6&page=1
이쁘면 ㄱㅊㅋㅋㅋ,,ㅇㄷㄴㅂㅌ,"ㅇㅇ(14.36) 2023.02.23 02:28:08
조회 455 추천 3 댓글 0",추천 3,조회 455,2023.02.23 02:28:08,https://gall.dcinside.com/mgallery/board/view/?id=samiltchschool&no=5&page=1
수공새끼들 불쌍하노ㅋㅋ,,"개학하면 온 화장실에서 밤꽃냄새 진동할거같으면 개추ㅋㅋ
- dc official App","ㅇㅇ 2023.02.23 02:26:56
조회 366 추천 3 댓글 0",추천 3,조회 366,2023.02.23 02:26:56,https://gall.dcinside.com/mgallery/board/view/?id=samiltchschool&no=4&page=1
현빈이 조낸 한심하면 개추ㅋㅋ,,"하루죙일 불알이나 벅벅긁으면서 원신하는거
불알 포도봉봉으로 만들고싶노ㅋㅋ
- dc official App","ㅇㅇ 2023.02.23 02:21:08
조회 256 추천 3 댓글 0",추천 3,조회 256,2023.02.23 02:21:08,https://gall.dcinside.com/mgallery/board/view/?id=samiltchschool&no=3&page=1
오늘 피씨방에서 잼민이들끼리 현피 뜬 썰 푼다,,이거이거 다창들마냥 자리싸움 하고 있단 말이야 으,"마오쩌둥(27.119) 2023.02.21 01:30:50
조회 384 추천 3 댓글 1",추천 3,조회 384,2023.02.21 01:30:50,https://gall.dcinside.com/mgallery/board/view/?id=samiltchschool&no=2&page=1
삼일절에 개학해서 좆같은 삼붕이면 개추ㅋㅋ,,"ㅇㄷㄴㅂㅌ
- dc official App","ㅇㅇ 2023.02.20 12:33:55
조회 277 추천 3 댓글 0",추천 3,조회 277,2023.02.20 12:33:55,https://gall.dcinside.com/mgallery/board/view/?id=samiltchschool&no=1&page=1
