﻿제목,말머리,내용,글쓴이,추천수,조회수,날짜,링크
서천고 2학년 ㅂㅇㅅ,,"서천고 2학년 2반에 백ㅇ산이라고 있지 않음??
그 친구 축구 잘하지도 않는데 왜케 나대는거임??????? 진짜 못 봐주겠다
정신 좀 차리라고 하셈.. 진심 살면서 공 3번 차본 내가 한 한달만 하면 훨 잘할 듯 ㄹㅇㅋㅋ","서갤러(125.138) 2025.06.22 16:38:34
조회 61 추천 2 댓글 1",추천 2,조회 61,2025.06.22 16:38:34,https://gall.dcinside.com/mgallery/board/view/?id=seoryong&no=33&page=1
나 2학년 선효빈인데,,맞짱 신청받는다 2학년 1반으로와라,"서갤러(210.182) 2025.06.10 13:39:55
조회 64 추천 1 댓글 1",추천 1,조회 64,2025.06.10 13:39:55,https://gall.dcinside.com/mgallery/board/view/?id=seoryong&no=32&page=1
티비위키 사용 후기와 화질 비교,,"요즘 티비위키로 드라마 정주행하는 사람이 많더라. 나도 한 번 써봤는데, 진짜 편하더라. 예전에는 이런 정보 찾으려고 여기저기 검색하는 것도 일이었는데, 티비위키 덕에 한 방에 해결돼서 시간 절약이 장난 아니야. 근데 화질 부분은 좀 아쉽더라. 가끔씩 화질이 떨어지는 경우가 있긴 한데, 뭐 그 정도는 감수할만하지 않겠어? 특히 요즘 핫한 드라마들 정보 정리도 빠르고, 덕분에 몰입해서 볼 수 있더라고. 다른 사람들은 어떻게 느꼈는지 궁금한데, 혹시 나만 이런가? 티비위키 덕분에 더 많은 드라마를 시간 낭비 없이 즐길 수 있어서 개인적으로는 만족 중!","서갤러(61.250) 2025.01.16 09:27:57
조회 3811 추천 0 댓글 0",추천 0,조회 3811,2025.01.16 09:27:57,https://gall.dcinside.com/mgallery/board/view/?id=seoryong&no=31&page=1
3학년 김은우 찾아와라,,맞짱깔라 나 장애인이라 너내 나 못건드릴다,"김은우(58.232) 2024.08.18 23:02:27
조회 322 추천 2 댓글 5",추천 2,조회 322,2024.08.18 23:02:27,https://gall.dcinside.com/mgallery/board/view/?id=seoryong&no=29&page=1
나 서천고 교장 이병준이다,,"나 서천고 교장 이병준인데 병준아 ㅅㅂ 정신좀 차리자 왜 ㅅㅂ 방학이 이렇게 짧아 ㅅㅂ 이게맞냐? 좀 정신좀 차려라
- dc official App","서갤러(1.245) 2024.08.12 21:01:22
조회 210 추천 1 댓글 1",추천 1,조회 210,2024.08.12 21:01:22,https://gall.dcinside.com/mgallery/board/view/?id=seoryong&no=28&page=1
서고갤 ㅈ노잼이노,,직갤로 와라,"서갤러(118.235) 2024.06.26 21:53:07
조회 232 추천 0 댓글 2",추천 0,조회 232,2024.06.26 21:53:07,https://gall.dcinside.com/mgallery/board/view/?id=seoryong&no=26&page=1
나 서천고 1학년 1반 윤영호인데,,"서여고여자 먹고싶다
- dc official App","서갤러(180.81) 2024.06.17 09:31:05
조회 228 추천 0 댓글 0",추천 0,조회 228,2024.06.17 09:31:05,https://gall.dcinside.com/mgallery/board/view/?id=seoryong&no=25&page=1
나 서천고 나용현인데,,아무여자나 따먹고싶다 뚱녀도 가능이다,"보딩고지 2024.06.12 11:23:07
조회 262 추천 3 댓글 2",추천 3,조회 262,2024.06.12 11:23:07,https://gall.dcinside.com/mgallery/board/view/?id=seoryong&no=24&page=1
Me too,,내가 대신 쳐줄까??,"김*훈(180.81) 2024.04.12 10:27:28
조회 158 추천 0 댓글 0",추천 0,조회 158,2024.04.12 10:27:28,https://gall.dcinside.com/mgallery/board/view/?id=seoryong&no=21&page=1
아지금수업중인데집가서빨리치고싶다,,품번공유해줘라,"신ㄱ(106.101) 2024.04.12 10:26:30
조회 292 추천 2 댓글 1",추천 2,조회 292,2024.04.12 10:26:30,https://gall.dcinside.com/mgallery/board/view/?id=seoryong&no=20&page=1
내고추빨사람,,함 대줄게,"김*훈(180.81) 2024.04.12 10:15:23
조회 224 추천 0 댓글 0",추천 0,조회 224,2024.04.12 10:15:23,https://gall.dcinside.com/mgallery/board/view/?id=seoryong&no=18&page=1
고추빨고싶다,,.,"신ㄱ(106.101) 2024.04.12 10:13:21
조회 184 추천 4 댓글 0",추천 4,조회 184,2024.04.12 10:13:21,https://gall.dcinside.com/mgallery/board/view/?id=seoryong&no=17&page=1
ㅆㅂㅋㅋㅋㅋㅋㅋㅋ있노,,,"결혼할거라고 2024.03.03 20:06:24
조회 199 추천 0 댓글 0",추천 0,조회 199,2024.03.03 20:06:24,https://gall.dcinside.com/mgallery/board/view/?id=seoryong&no=12&page=1
한기대 소개합니다,,한기대 추천합니다,"서갤러(119.67) 2024.02.25 18:56:47
조회 179 추천 0 댓글 0",추천 0,조회 179,2024.02.25 18:56:47,https://gall.dcinside.com/mgallery/board/view/?id=seoryong&no=11&page=1
나 순자다,,ㅂㅈ 가렵네 ㅋㅋ 누가 쑤셔줄사람 ㅋㅋㅋ,"순자(222.236) 2023.08.09 07:04:49
조회 278 추천 0 댓글 0",추천 0,조회 278,2023.08.09 07:04:49,https://gall.dcinside.com/mgallery/board/view/?id=seoryong&no=9&page=1
응니애미,,ㅋ,"ㅇㅇ(222.236) 2023.08.09 07:02:27
조회 225 추천 0 댓글 0",추천 0,조회 225,2023.08.09 07:02:27,https://gall.dcinside.com/mgallery/board/view/?id=seoryong&no=7&page=1
기숙사에인터넷,,보안망이슈때문에 기숙사 랜선못쓰니까 학교에서 터지는 wi_cne_class_S 확장시켜서 쓰면 그거학생망이니까 괜찮은거맞겠지 뭐,"Wi-Fi 2023.07.05 22:49:58
조회 477 추천 0 댓글 0",추천 0,조회 477,2023.07.05 22:49:58,https://gall.dcinside.com/mgallery/board/view/?id=seoryong&no=6&page=1
자동으로 개추가 눌리는 짤,,ㄴㅁㅊ,"ㅇㅇ(39.7) 2023.07.03 09:03:14
조회 518 추천 16 댓글 2",추천 16,조회 518,2023.07.03 09:03:14,https://gall.dcinside.com/mgallery/board/view/?id=seoryong&no=5&page=1
서천고 1학년 수준,,수준,"진로(39.7) 2023.06.27 12:00:22
조회 710 추천 1 댓글 3",추천 1,조회 710,2023.06.27 12:00:22,https://gall.dcinside.com/mgallery/board/view/?id=seoryong&no=4&page=1
이제,,여기로 1학년 안오냐?,"Alpha_Alf_Layla 2023.06.27 11:35:48
조회 262 추천 0 댓글 1",추천 0,조회 262,2023.06.27 11:35:48,https://gall.dcinside.com/mgallery/board/view/?id=seoryong&no=3&page=1
나 서고 교장인데,,서여고 학생 맛있겠노,"이병준(223.39) 2023.06.27 10:02:11
조회 640 추천 9 댓글 3",추천 9,조회 640,2023.06.27 10:02:11,https://gall.dcinside.com/mgallery/board/view/?id=seoryong&no=2&page=1
서천고 갤러리 시작,,자유,"서천고(175.203) 2023.06.27 00:04:37
조회 480 추천 0 댓글 2",추천 0,조회 480,2023.06.27 00:04:37,https://gall.dcinside.com/mgallery/board/view/?id=seoryong&no=1&page=1
